loss,mape,val_loss,val_mape
0.021762486547231674,166749.84375,0.007030604872852564,37.59024429321289
0.007361460942775011,82452.296875,0.005635775625705719,32.644962310791016
0.00594613142311573,63262.41015625,0.00485509168356657,28.94745445251465
0.004905681125819683,41180.2734375,0.004958801902830601,21.61722755432129
0.0045270295813679695,43270.0703125,0.003684472292661667,20.102859497070312
