loss,mape,val_loss,val_mape
0.024738645181059837,121063.1328125,0.013728844933211803,104.1669921875
0.009502734057605267,49205.99609375,0.007429605815559626,38.638938903808594
0.008635705336928368,54483.12109375,0.009094055742025375,68.16621398925781
0.007862006314098835,41288.49609375,0.007255111820995808,22.569080352783203
0.00690913200378418,24977.78125,0.00591144897043705,73.07190704345703
