loss,mape,val_loss,val_mape
0.0027712355367839336,338842.09375,0.0009495937265455723,151947.84375
0.0011071792105212808,154183.25,0.0009202694054692984,151875.609375
0.0010340336011722684,132832.3125,0.001032130909152329,62523.859375
