loss,mape,val_loss,val_mape
0.0037195805925875902,297273.5,0.0011695267166942358,225775.171875
0.0012756937649101019,149553.03125,0.0012057392159476876,83641.2265625
0.0011932271299883723,126192.4609375,0.0010053557343780994,156030.6875
