loss,mape,val_loss,val_mape
0.0036977212876081467,299888.25,0.0014693241100758314,118662.78125
0.0012857690453529358,151754.0625,0.0012780585093423724,73129.1640625
0.0012031674850732088,132736.765625,0.0009382976568304002,110768.1640625
