loss,mape,val_loss,val_mape
0.010604366660118103,142330.0625,0.016322944313287735,116261.8203125
0.008645090274512768,106855.0234375,0.010539485141634941,228.69163513183594
0.008228156715631485,90235.9609375,0.009031140245497227,15721.9375
