loss,mape,val_loss,val_mape
0.003064113901928067,240681.8125,0.0016281974967569113,41906.66015625
0.0017745554214343429,94706.5,0.0025963520165532827,81463.3203125
0.0018191157141700387,112719.8828125,0.002000572392717004,56958.69140625
