loss,mape,val_loss,val_mape
0.01001568604260683,5177094.5,0.008362904191017151,3847320.25
0.00760349165648222,3972641.0,0.00640440545976162,1369372.25
0.006117658689618111,3546431.25,0.005311746150255203,3882407.75
