loss,mape,val_loss,val_mape
0.0028125091921538115,119648.03125,0.0021628541871905327,82430.5625
0.0021401913836598396,74252.0234375,0.003900789190083742,33183.22265625
0.002093356568366289,80769.171875,0.003161192871630192,62097.484375
