loss,mape,val_loss,val_mape
0.008510161191225052,681404.5,0.007038661278784275,39418.61328125
0.005738410167396069,278611.875,0.00561976945027709,326290.21875
0.005533160176128149,329228.9375,0.006352683529257774,20682.482421875
