loss,mape,val_loss,val_mape
0.004336194600909948,188746.953125,0.0029062218964099884,110.12813568115234
0.00307632377371192,95687.3828125,0.002880253130570054,100.10157012939453
0.0029584390576928854,101197.9921875,0.0030602312181144953,60.75635528564453
