loss,mape,val_loss,val_mape
0.004405295476317406,148312.09375,0.007706753443926573,93186.890625
0.0033701059874147177,75515.7890625,0.007846462540328503,61998.19140625
0.0033600893802940845,74705.59375,0.003055655863136053,47420.80078125
