loss,mape,val_loss,val_mape
0.006659658160060644,616476.75,0.005745556205511093,243756.375
0.005289346445351839,320388.65625,0.005720703396946192,75040.015625
0.005209571216255426,273388.25,0.005672237370163202,192794.59375
