loss,mape,val_loss,val_mape
0.004364520311355591,322158.03125,0.0032127671875059605,416473.46875
0.0029289741069078445,168719.171875,0.003658284666016698,195649.234375
0.0029560704715549946,116110.4453125,0.0031827709171921015,415187.59375
