loss,mape,val_loss,val_mape
0.012456836178898811,51693.68359375,0.009687833487987518,45.3106575012207
0.009401756338775158,37173.66015625,0.008557310327887535,44.72463607788086
0.009313839487731457,27286.18359375,0.008631964214146137,86.1897201538086
