loss,mape,val_loss,val_mape
0.005140282679349184,85837.140625,0.003918688744306564,53.00922775268555
0.004038670565932989,74974.671875,0.004272133111953735,30.898372650146484
0.003952511120587587,68755.0703125,0.0037019369192421436,39.15791702270508
