loss,mape,val_loss,val_mape
0.0031258861999958754,62614.25,0.0016615339554846287,25.610580444335938
0.0020106222946196795,41014.3046875,0.0022664435673505068,61.45219039916992
0.0020048199221491814,45793.5390625,0.0016567906131967902,37.92356491088867
