loss,mape,val_loss,val_mape
0.01382585521787405,328126.875,0.008788850158452988,121034.125
0.009858339093625546,126302.296875,0.008506905287504196,205259.0625
0.009565979242324829,108873.21875,0.008306284435093403,217127.546875
