loss,mape,val_loss,val_mape
0.006759994197636843,201768.140625,0.0040363650768995285,190216.890625
0.004111690446734428,128301.15625,0.0037268735468387604,147144.6875
0.0038115365896373987,113788.015625,0.003996257204562426,279199.625
