loss,mape,val_loss,val_mape
0.005398845765739679,64604.2734375,0.0037769381888210773,27.115093231201172
0.004406199790537357,71329.953125,0.00380306551232934,42.911277770996094
0.004132725298404694,74380.984375,0.004755429457873106,26.330873489379883
