loss,mape,val_loss,val_mape
0.0048578884452581406,63914.9375,0.0030457526445388794,26.49338150024414
0.00266276765614748,54770.2421875,0.002673767041414976,30.498502731323242
0.0027375640347599983,45272.65625,0.0026953474152833223,27.319578170776367
