loss,mape,val_loss,val_mape
0.004133785143494606,251119.625,0.00363569101318717,195572.15625
0.0028967703692615032,176379.609375,0.003737293416634202,23161.970703125
0.0028673321940004826,138682.25,0.0035200263373553753,23445.00390625
