loss,mape,val_loss,val_mape
0.013685453683137894,92.94066619873047,0.006631223950535059,96.19866943359375
0.006251432467252016,70.0452651977539,0.00410886574536562,55.941837310791016
0.005682448390871286,57.31937789916992,0.006251975428313017,43.01731491088867
