loss,mape,val_loss,val_mape
0.004063838627189398,193869.25,0.0032368754036724567,298640.0
0.0030490129720419645,132713.75,0.003277155105024576,405663.0
0.0029738834127783775,125619.75,0.0031060464680194855,372924.0
