loss,mape,val_loss,val_mape
0.02532123774290085,372225.15625,0.02038613148033619,181303.984375
0.019560210406780243,174862.25,0.021205512806773186,196914.5625
0.019488293677568436,183828.578125,0.020602840930223465,188180.078125
