loss,mape,val_loss,val_mape
0.007976865395903587,365016.96875,0.004121898207813501,207761.734375
0.003920187707990408,134959.09375,0.003768416354432702,180573.28125
0.003785042092204094,118811.5078125,0.0037205249536782503,190935.359375
