loss,mape,val_loss,val_mape
0.011094954796135426,121355.9765625,0.0077996994368731976,29171.60546875
0.008476178161799908,90113.9296875,0.011744651012122631,118102.671875
0.008255856111645699,105152.0390625,0.007790314499288797,101285.390625
