loss,mape,val_loss,val_mape
0.0031127326656132936,74939.6875,0.002939545549452305,30170.638671875
0.0024248273111879826,40949.57421875,0.004092837683856487,12319.08984375
0.002345251152291894,49890.05078125,0.002661352511495352,55355.58984375
