loss,mape,val_loss,val_mape
0.007082078140228987,100794.2890625,0.006642345804721117,40828.43359375
0.0054659065790474415,84856.0234375,0.007080966606736183,49290.69140625
0.005165815819054842,66959.2578125,0.006954685784876347,19355.44140625
