loss,mape,val_loss,val_mape
0.014697032980620861,128120.6796875,0.03446453437209129,212.64773559570312
0.011739885434508324,91256.5390625,0.06227273866534233,279.1082763671875
0.012297097593545914,90564.265625,0.01280843373388052,102.85260009765625
