loss,mape,val_loss,val_mape
0.002775805303826928,178127.03125,0.001511368085630238,25987.69921875
0.0018839305266737938,107228.71875,0.0026039285585284233,3460.474853515625
0.0018412430072203279,82611.0,0.003376678330823779,10262.8154296875
