loss,mape,val_loss,val_mape
0.007191699463874102,133526.78125,0.007489420473575592,83.03256225585938
0.0058840541169047356,76977.6171875,0.0072279865853488445,50.12891387939453
0.005383837968111038,85759.25,0.005876334849745035,88.17882537841797
