loss,mape,val_loss,val_mape
0.011733136139810085,43488.7421875,0.00904364138841629,84.933349609375
0.009280925616621971,40640.18359375,0.008493205532431602,55.94448471069336
0.009199031628668308,41099.96484375,0.008409890346229076,57.802330017089844
