loss,mape,val_loss,val_mape
0.019983485341072083,255527.953125,0.008302459493279457,152.45555114746094
0.009407401084899902,229308.734375,0.006647028494626284,102.85395050048828
0.007989884354174137,164883.953125,0.006835186388343573,56.424312591552734
