loss,mape,val_loss,val_mape
0.003133007325232029,222476.359375,0.0013755749678239226,33.88943099975586
0.001338853151537478,88922.6953125,0.0011699789902195334,63.20515060424805
0.0013612776529043913,93544.8671875,0.0012753279879689217,90.9981689453125
