loss,mape,val_loss,val_mape
0.02535371109843254,287112.25,0.019399350509047508,135573.53125
0.019233332946896553,187197.359375,0.02318628691136837,199804.921875
0.01839085854589939,170491.46875,0.01850212551653385,138573.390625
