loss,mape,val_loss,val_mape
0.002828228520229459,192404.203125,0.0025783320888876915,274499.75
0.0020931304898113012,96179.46875,0.0020831197034567595,110214.4375
0.0021187441889196634,100127.4765625,0.00211564009077847,132448.96875
