loss,mape,val_loss,val_mape
0.009273244068026543,124427.5703125,0.007175920996814966,189104.46875
0.008041365072131157,101585.0859375,0.008078793063759804,83370.96875
0.007198775187134743,84237.4765625,0.010304039344191551,87574.8828125
