loss,mape,val_loss,val_mape
0.0049530696123838425,78490.390625,0.0031302787829190493,36.400299072265625
0.003296539420261979,49506.9375,0.004641001578420401,47.372413635253906
0.0031143645755946636,49390.80078125,0.004698409698903561,53.89921951293945
