loss,mape,val_loss,val_mape
0.002166156889870763,164387.671875,0.0014017143985256553,89.57051086425781
0.0014143926091492176,98954.078125,0.0012686892878264189,36.91526794433594
0.0014132625656202435,92200.6484375,0.0012869802303612232,35.18691635131836
