loss,mape,val_loss,val_mape
0.003349123289808631,1124992.625,0.0035631326027214527,1331284.875
0.002734562149271369,703334.0625,0.002849224954843521,436917.59375
0.0024480971042066813,636618.9375,0.002969389781355858,321709.09375
