loss,mape,val_loss,val_mape
0.004108432214707136,131921.734375,0.0025789036881178617,72.69258880615234
0.0030964117031544447,67717.7734375,0.0025640148669481277,64.2440185546875
0.00294999941252172,80670.203125,0.0025554026942700148,50.20709991455078
