loss,mape,val_loss,val_mape
0.003481278195977211,121735.1875,0.0026018191128969193,100014.609375
0.002333668526262045,56623.625,0.0025496603921055794,104717.3125
0.0023137277457863092,50660.0390625,0.0031945130322128534,202456.171875
