loss,mape,val_loss,val_mape
0.005178085062652826,72842.953125,0.003652575658634305,78.35098266601562
0.0036668607499450445,65936.125,0.003156127408146858,46.853233337402344
0.0034095218870788813,70189.1796875,0.0033961974550038576,80.86898803710938
