loss,mape,val_loss,val_mape
0.008331255987286568,231508.71875,0.004794962704181671,80.02691650390625
0.006251125130802393,87175.9453125,0.004955702926963568,99.01689147949219
0.006028734613209963,117721.4765625,0.004744984675198793,54.60661697387695
