loss,mape,val_loss,val_mape
0.012856434099376202,108224.5546875,0.011476254090666771,53.736541748046875
0.011105582118034363,86640.6484375,0.010683052241802216,79.64518737792969
0.010755535215139389,89079.3046875,0.011445710435509682,53.82572937011719
