loss,mape,val_loss,val_mape
0.006361715961247683,429079.4375,0.005827595014125109,255322.0
0.005312144290655851,279309.8125,0.005748657509684563,30312.828125
0.005299959797412157,257379.453125,0.007036083843559027,511200.1875
