loss,mape,val_loss,val_mape
0.004032896365970373,2463657.25,0.0035894885659217834,1029344.25
0.0031785794999450445,1261629.25,0.0034637004137039185,260169.59375
0.0029551780316978693,857090.75,0.0033354912884533405,342609.46875
