loss,mape,val_loss,val_mape
0.00265691289678216,124074.6328125,0.0019189227605238557,5202.73193359375
0.0018826402956619859,88898.0546875,0.0016579496441408992,31323.58984375
0.0017777029424905777,82946.4921875,0.0017837153282016516,27162.984375
