loss,mape,val_loss,val_mape
0.005182006862014532,109477.296875,0.0028754703234881163,61.89193344116211
0.003383464412763715,65791.890625,0.005589036270976067,34.186954498291016
0.0032837798353284597,70990.8046875,0.0028185665141791105,52.42296600341797
