loss,mape,val_loss,val_mape
0.0032565880101174116,50841.8046875,0.0017034864285960793,37.02806091308594
0.002200368093326688,43000.81640625,0.003120335517451167,28.932052612304688
0.0020994897931814194,47438.27734375,0.0017142771976068616,39.9356689453125
