loss,mape,val_loss,val_mape
0.010154716670513153,195636.515625,0.0074833049438893795,285839.0625
0.007490077987313271,87676.9609375,0.007815604098141193,332549.4375
0.007413972169160843,83223.1953125,0.007442974951118231,106080.375
