loss,mape,val_loss,val_mape
0.0031659421510994434,320844.0625,0.0021571293473243713,328224.6875
0.002011647215113044,153576.359375,0.001462951535359025,89177.6953125
0.002091195434331894,148239.625,0.0014650082448497415,89781.7265625
