loss,mape,val_loss,val_mape
0.004281055647879839,47099.546875,0.00272782938554883,29.814380645751953
0.0030626128427684307,45339.72265625,0.0026463547255843878,31.811153411865234
0.0027446788735687733,50267.62109375,0.005731060169637203,41.553592681884766
