loss,mape,val_loss,val_mape
0.008001867681741714,85105.5234375,0.006962074898183346,41.41237258911133
0.006150467786937952,55081.44921875,0.007127779070287943,72.37230682373047
0.005785429384559393,44554.98046875,0.006620555650442839,63.54743576049805
