loss,mape,val_loss,val_mape
0.004946818109601736,71027.6015625,0.004692700691521168,162823.5
0.0036046982277184725,66862.6015625,0.0033193854615092278,74032.703125
0.0033914283849298954,51607.5546875,0.004369234200567007,25378.75390625
