loss,mape,val_loss,val_mape
0.009787713177502155,110268.4921875,0.006682058330625296,66.37946319580078
0.005919863935559988,73917.8125,0.005689992103725672,55.944366455078125
0.0057298713363707066,72073.703125,0.005102173890918493,30.965171813964844
