loss,mape,val_loss,val_mape
0.010094343684613705,78463.78125,0.005261581391096115,51.70912551879883
0.006439590360969305,78884.6171875,0.005777827464044094,54.15333557128906
0.006199166178703308,72054.9140625,0.005190701223909855,29.839397430419922
