loss,mape,val_loss,val_mape
0.005219332408159971,160826.109375,0.0034514586441218853,48136.88671875
0.003423792077228427,56386.94921875,0.004535250831395388,183645.203125
0.003410682315006852,47957.74609375,0.0036807036958634853,25704.890625
