loss,mape,val_loss,val_mape
0.00587236974388361,78282.8671875,0.0028523197397589684,31.0908260345459
0.0035214568488299847,43899.09765625,0.004115439485758543,30.577306747436523
0.0034723575226962566,41826.47265625,0.002858853666111827,26.368663787841797
