loss,mape,val_loss,val_mape
0.005727086681872606,49269.02734375,0.003124339273199439,28.43988800048828
0.0037413446698337793,45180.00390625,0.0030049767810851336,34.20518112182617
0.003629195038229227,47558.60546875,0.0031223823316395283,23.443798065185547
