loss,mape,val_loss,val_mape
0.004145053215324879,76317.921875,0.004174867644906044,30.538158416748047
0.0029108633752912283,54483.078125,0.0031462381593883038,49.70847702026367
0.0026156813837587833,43649.7734375,0.006707476451992989,45.62125015258789
