loss,mape,val_loss,val_mape
0.00451764278113842,183815.9375,0.0035096886567771435,60620.12890625
0.003279460361227393,95225.703125,0.003190556075423956,40459.796875
0.0031615241896361113,90600.2421875,0.0040746647864580154,40031.75
