loss,mape,val_loss,val_mape
0.01632026582956314,232293.1875,0.007759205996990204,127.32726287841797
0.009157206863164902,196572.515625,0.007068663369864225,59.690242767333984
0.0071350447833538055,139746.296875,0.007504389621317387,103.09059143066406
