loss,mape,val_loss,val_mape
0.00996257085353136,99140.8515625,0.0061565665528178215,54.667789459228516
0.006550400517880917,68274.7578125,0.0065191215835511684,70.85344696044922
0.006081013008952141,83685.171875,0.0052100359462201595,40.41539001464844
