loss,mape,val_loss,val_mape
0.008123194798827171,469955.21875,0.00518375588580966,229907.171875
0.005817212164402008,320788.78125,0.005001947749406099,214250.5
0.005504361819475889,318776.03125,0.006309280171990395,75079.3671875
