loss,mape,val_loss,val_mape
0.01268735807389021,233630.328125,0.008730693720281124,206854.828125
0.009877698495984077,123070.671875,0.011123334988951683,422705.96875
0.00947113148868084,102256.09375,0.008202564902603626,204776.515625
