loss,mape,val_loss,val_mape
0.0069662355817854404,125424.515625,0.007186632137745619,60755.40625
0.005417954176664352,72451.5625,0.006679176818579435,16891.01171875
0.005286782514303923,65934.140625,0.006542310118675232,34071.375
