loss,mape,val_loss,val_mape
0.0047580464743077755,100527.8984375,0.0030754017643630505,57.06032943725586
0.0027088820934295654,60554.3828125,0.003026778344064951,36.199588775634766
0.0027259450871497393,59308.1953125,0.003137461142614484,57.174957275390625
