loss,mape,val_loss,val_mape
0.007266518194228411,165309.765625,0.0081333601847291,116.10470581054688
0.00579053582623601,75367.359375,0.006426001898944378,66.10884094238281
0.005645226687192917,81441.546875,0.006267201621085405,49.03556823730469
