loss,mape,val_loss,val_mape
0.010425959713757038,2639081.5,0.008681053295731544,633016.1875
0.008665320463478565,1245290.5,0.008333266712725163,873692.375
0.008205696009099483,1163992.75,0.007938377559185028,741305.625
