loss,mape,val_loss,val_mape
0.008788276463747025,140282.21875,0.00799914263188839,75.54402160644531
0.0068626501597464085,95472.265625,0.009865830652415752,123.07056427001953
0.006739066448062658,104520.984375,0.0077625154517591,67.8112564086914
