loss,mape,val_loss,val_mape
0.013978368602693081,2084327.125,0.010494771413505077,1536578.125
0.011410277336835861,718344.3125,0.00989870447665453,1111776.375
0.01089497935026884,684773.6875,0.009929870255291462,451587.21875
