loss,mape,val_loss,val_mape
0.001720694825053215,28653.2890625,0.001242029364220798,77.70123291015625
0.0013009588001295924,12729.5390625,0.0010503105586394668,36.48314666748047
0.0011996804969385266,15139.5048828125,0.0009557437733747065,41.01568603515625
