loss,mape,val_loss,val_mape
0.012698408216238022,1046267.8125,0.009232824668288231,640816.375
0.009869484230875969,594376.4375,0.008939772844314575,1630134.625
0.008264303207397461,636265.9375,0.007197818253189325,3050757.0
