loss,mape,val_loss,val_mape
0.008716600947082043,124691.546875,0.008153144270181656,49.245338439941406
0.006754536181688309,98066.8125,0.007484407164156437,55.44656753540039
0.0064210472628474236,93694.8046875,0.00812574103474617,74.60719299316406
