loss,mape,val_loss,val_mape
0.004605979658663273,95106.734375,0.003248110879212618,87.77764129638672
0.003213208867236972,89159.03125,0.0034758595284074545,35.811805725097656
0.0033506210893392563,76319.8046875,0.003262663260102272,54.391544342041016
