loss,mape,val_loss,val_mape
0.008218204602599144,125840.8671875,0.009729159995913506,63.651119232177734
0.006063410080969334,49903.17578125,0.008469868451356888,56.79320526123047
0.006036018952727318,55159.86328125,0.006997091230005026,41.45943069458008
