loss,mape,val_loss,val_mape
0.01056176982820034,6395444.5,0.010515733622014523,5173520.0
0.009093012660741806,4839618.5,0.010494939051568508,1425707.625
0.008445502258837223,4487805.0,0.00802699476480484,3217217.25
