loss,mape,val_loss,val_mape
0.015880011022090912,106.58409881591797,0.0056702494621276855,101.9109878540039
0.005527936387807131,83.7698745727539,0.00569940498098731,51.27363586425781
0.005220050923526287,62.53029251098633,0.004115507937967777,54.63330078125
