loss,mape,val_loss,val_mape
0.011033894494175911,120199.640625,0.007731763180345297,38348.0
0.008312210440635681,90229.703125,0.014018905349075794,108780.1015625
0.008249105885624886,101992.2734375,0.03057817928493023,141821.109375
