loss,mape,val_loss,val_mape
0.0020325614605098963,37058.8671875,0.00109209178481251,43.85995101928711
0.001334494212642312,22040.59375,0.0012950835516676307,37.24709701538086
0.0012790472246706486,15460.912109375,0.001488024601712823,42.82597351074219
