loss,mape,val_loss,val_mape
0.005703122355043888,147903.5625,0.003011276014149189,70.93669891357422
0.003301675897091627,78403.0,0.0034119165502488613,39.4732666015625
0.0031156542245298624,67766.765625,0.0029492690227925777,54.26548385620117
