loss,mape,val_loss,val_mape
0.009168081916868687,1604929.125,0.007841961458325386,1511886.5
0.007468621712177992,1075967.75,0.006020738277584314,985104.75
0.006435798481106758,1081255.625,0.004497852176427841,477519.65625
