loss,mape,val_loss,val_mape
0.0056512681767344475,98205.1640625,0.0034417358692735434,27.62283706665039
0.00374090694822371,52716.47265625,0.004460942931473255,28.856412887573242
0.0034079879987984896,45007.14453125,0.005176665261387825,36.98611831665039
