loss,mape,val_loss,val_mape
0.004000904504209757,200795.421875,0.005336021073162556,256525.953125
0.003068873193114996,128929.140625,0.003466189606115222,70011.8671875
0.0029461414087563753,105988.171875,0.0036557442508637905,238032.609375
