loss,mape,val_loss,val_mape
0.00889807753264904,275897.65625,0.006319230422377586,163.07640075683594
0.005884749814867973,110532.28125,0.005258338991552591,121.70806121826172
0.005724854301661253,104345.015625,0.005595419555902481,140.70639038085938
