loss,mape,val_loss,val_mape
0.0029582385905086994,212429.5625,0.0015943488106131554,77710.5234375
0.0021147632505744696,128320.8359375,0.0019619956146925688,28711.5390625
0.00200948235578835,103474.515625,0.00155448482837528,81675.75
