loss,mape,val_loss,val_mape
0.01049650926142931,103126.65625,0.0032880855724215508,60.02886962890625
0.00321900169365108,67544.4765625,0.00319444527849555,39.793216705322266
0.0031569546554237604,61689.22265625,0.0031335384119302034,28.65094566345215
