loss,mape,val_loss,val_mape
0.024493949487805367,81075.609375,0.010003803297877312,199.73391723632812
0.007027784362435341,100606.671875,0.003334324574097991,66.13602447509766
0.0033439388498663902,61348.47265625,0.0032384912483394146,26.482389450073242
