loss,mape,val_loss,val_mape
0.015883242711424828,396279.9375,0.01019387599080801,311776.90625
0.007846817374229431,515764.90625,0.005109807476401329,115389.4296875
0.0035402642097324133,189149.265625,0.0049537005834281445,73826.171875
