loss,mape,val_loss,val_mape
0.012516748160123825,252925.46875,0.007744457107037306,319.0984802246094
0.008142269216477871,513992.625,0.00723400991410017,336.74822998046875
0.007514404132962227,510358.65625,0.006391843780875206,304.306640625
