loss,mape,val_loss,val_mape
0.02692040242254734,594641.125,0.021536076441407204,884902.375
0.015305721201002598,1379158.375,0.016051411628723145,1232481.125
0.012628915719687939,1488392.75,0.012642662040889263,1065112.5
