loss,mape,val_loss,val_mape
0.026269324123859406,452008.4375,0.013449844904243946,502.8970642089844
0.011362205259501934,666992.25,0.0067152176052331924,279.47039794921875
0.005998440086841583,243590.4375,0.004977275151759386,115.7375259399414
