loss,mape,val_loss,val_mape
0.005890358239412308,328101.59375,0.0028896392323076725,467642.4375
0.002398804062977433,161456.390625,0.002097585704177618,457143.9375
0.0019966529216617346,143044.15625,0.001443834393285215,391287.53125
