loss,mape,val_loss,val_mape
0.04060753434896469,83.17188262939453,0.031710851937532425,81.36222839355469
0.02658223547041416,90.5400161743164,0.02077094092965126,103.62600708007812
0.017462071031332016,116.11479949951172,0.013943255878984928,129.5395050048828
