loss,mape,val_loss,val_mape
0.004872650373727083,151245.796875,0.002113749273121357,169808.296875
0.001876590307801962,75620.2734375,0.0020992914214730263,55770.0390625
0.001441160449758172,56724.63671875,0.0012280638329684734,42556.19140625
