loss,mape,val_loss,val_mape
0.014395460486412048,336597.53125,0.006237246561795473,477069.28125
0.004473628010600805,236141.875,0.00589451938867569,169567.390625
0.004091046750545502,151262.265625,0.0057430993765592575,122257.15625
