loss,mape,val_loss,val_mape
0.016376007348299026,92285.015625,0.009721764363348484,163.68478393554688
0.008593105711042881,142099.765625,0.007158766500651836,132.71351623535156
0.005507863592356443,118956.7890625,0.00402505649253726,66.40149688720703
