loss,mape,val_loss,val_mape
0.004131323657929897,261646.8125,0.0021928814239799976,153444.96875
0.001970619661733508,113636.6171875,0.0021406246814876795,161678.34375
0.0018381454283371568,85047.0234375,0.0019146654522046447,95792.7734375
