loss,mape,val_loss,val_mape
0.01665065810084343,241868.890625,0.009855831041932106,586305.1875
0.007548110093921423,336246.375,0.00486208638176322,322474.5625
0.0036201556213200092,122899.53125,0.0032487420830875635,99561.421875
