loss,mape,val_loss,val_mape
0.02938847243785858,148560.78125,0.024315310642123222,885050.3125
0.016731716692447662,380222.40625,0.018285559490323067,1244276.125
0.013849624432623386,411421.5,0.014613216742873192,1002224.25
