loss,mape,val_loss,val_mape
0.0040235379710793495,260973.09375,0.0013315817341208458,91.26869201660156
0.0013027427485212684,108722.4296875,0.0011997072724625468,54.86949920654297
0.0012966449139639735,92157.765625,0.0012681527296081185,61.297096252441406
