loss,mape,val_loss,val_mape
0.008989485912024975,171109.4375,0.006858555134385824,548450.125
0.006265135016292334,273076.5,0.006626554764807224,570435.8125
0.006059889215976,269356.1875,0.006361853331327438,551308.4375
