loss,mape,val_loss,val_mape
0.0024556678254157305,39271.77734375,0.0010262440191581845,55.665809631347656
0.001160912332125008,17437.5078125,0.0010688947513699532,59.692474365234375
0.0010849017417058349,16893.126953125,0.001184257329441607,36.255550384521484
