loss,mape,val_loss,val_mape
0.011394753120839596,6391307.5,0.007578079588711262,3213199.0
0.006204487755894661,3903656.25,0.00626960676163435,3138163.25
0.00432825880125165,3096091.75,0.0036325741093605757,1920565.375
