loss,mape,val_loss,val_mape
0.012950092554092407,222403.625,0.007384733762592077,71.03028106689453
0.006492824759334326,120539.453125,0.006798755377531052,58.47782897949219
0.00640514213591814,115090.5,0.007489367853850126,47.00432205200195
