loss,mape,val_loss,val_mape
0.027467016130685806,265179.71875,0.018204759806394577,305.1578369140625
0.013673451729118824,425551.28125,0.010516167618334293,210.00608825683594
0.007280661258846521,161169.46875,0.0077639007940888405,63.81259536743164
