loss,mape,val_loss,val_mape
0.011653714813292027,94594.8671875,0.007410447578877211,183.96694946289062
0.006777080241590738,141520.5,0.006228371988981962,171.14002990722656
0.005006171762943268,125046.9609375,0.0033751719165593386,121.33766174316406
