loss,mape,val_loss,val_mape
0.018393931910395622,305183.5625,0.011568374000489712,259.856689453125
0.008443290367722511,333093.4375,0.0066842990927398205,103.3718032836914
0.005672951694577932,106739.609375,0.007329345215111971,93.59042358398438
