loss,mape,val_loss,val_mape
0.014701585285365582,423918.125,0.004677341319620609,150.8438262939453
0.004920693580061197,166107.515625,0.0029697418212890625,61.16207504272461
0.0036948618944734335,113839.40625,0.002293884288519621,54.33671569824219
