loss,mape,val_loss,val_mape
0.006321104709059,225946.546875,0.0025452161207795143,91.12761688232422
0.0027269909624010324,114384.7734375,0.0027354927733540535,45.340885162353516
0.002365145366638899,96079.7890625,0.0023997914977371693,78.37093353271484
