loss,mape,val_loss,val_mape
0.011963844299316406,1640503.5,0.002898996928706765,513779.3125
0.0022421274334192276,295910.5,0.0012572023551911116,494830.96875
0.0016502394573763013,359206.90625,0.0012843178119510412,596593.0
