loss,mape,val_loss,val_mape
0.017819680273532867,204147.65625,0.008992571383714676,594896.4375
0.008350050076842308,175485.515625,0.008884969167411327,259050.046875
0.00785080436617136,106109.8984375,0.008645804598927498,187624.46875
