loss,mape,val_loss,val_mape
0.005217032041400671,61136.7265625,0.0017909437883645296,32.7719841003418
0.0019415031420066953,48231.734375,0.0024183287750929594,28.049726486206055
0.001860228250734508,51023.81640625,0.0014667395735159516,30.633079528808594
