loss,mape,val_loss,val_mape
0.05259266123175621,44875.00390625,0.04078485071659088,124.5029296875
0.032164353877305984,212634.28125,0.022863244637846947,189.57350158691406
0.020171543583273888,306719.5,0.016420476138591766,239.22564697265625
