loss,mape,val_loss,val_mape
0.011295806616544724,125197.03125,0.006204239558428526,65.06108093261719
0.005405385047197342,61269.87109375,0.005476773250848055,39.97581481933594
0.004896325059235096,55307.640625,0.004622822627425194,47.655723571777344
