loss,mape,val_loss,val_mape
0.014313865453004837,126187.4140625,0.009610726498067379,220.37957763671875
0.008344379253685474,303494.34375,0.008196582086384296,238.2578887939453
0.007132788188755512,281320.71875,0.006551638245582581,186.9398193359375
