loss,mape,val_loss,val_mape
0.007820741273462772,460116.625,0.006012143101543188,787848.875
0.005788879934698343,651355.6875,0.005487359594553709,731588.5625
0.004970673006027937,580900.9375,0.004230127669870853,614944.375
