loss,mape,val_loss,val_mape
0.005610587541013956,2540606.0,0.00504389638081193,3041439.25
0.00482799531891942,3363504.25,0.005031147040426731,2850081.25
0.004794885870069265,3304532.75,0.004972455091774464,3152416.25
