loss,mape,val_loss,val_mape
0.019873904064297676,82383.5234375,0.013075278140604496,154.75328063964844
0.008691481314599514,54622.73046875,0.006773704197257757,70.68414306640625
0.007053342182189226,34171.87109375,0.005171130411326885,66.46725463867188
