loss,mape,val_loss,val_mape
0.03193719685077667,498248.375,0.01685875654220581,209859.90625
0.013442865572869778,255465.5625,0.008887995965778828,104585.828125
0.008133456110954285,166158.21875,0.007137886714190245,104503.5234375
