loss,mape,val_loss,val_mape
0.01633794605731964,1408100.875,0.012095117010176182,2028566.0
0.01087062805891037,1943058.0,0.008992297574877739,1419642.375
0.006763791665434837,1066363.375,0.006005376111716032,357183.6875
