loss,mape,val_loss,val_mape
0.05552292615175247,540063.25,0.02998420223593712,565917.8125
0.025327621027827263,807649.625,0.021883215755224228,314195.46875
0.019216004759073257,357090.65625,0.017964407801628113,139396.359375
