loss,mape,val_loss,val_mape
0.032253436744213104,233756.75,0.012209606356918812,298720.34375
0.009342823177576065,164915.859375,0.010382810607552528,41089.578125
0.008060921914875507,117831.4921875,0.010121596045792103,137755.125
