loss,mape,val_loss,val_mape
0.01743997260928154,188886.296875,0.013129536993801594,58837.08203125
0.008166620507836342,102751.2265625,0.022619564086198807,183775.96875
0.007862579077482224,118483.109375,0.008511330932378769,99825.515625
