loss,mape,val_loss,val_mape
0.010047616437077522,409081.40625,0.0071142916567623615,476.4332275390625
0.006889796815812588,638754.9375,0.006703278981149197,417.14654541015625
0.005850070156157017,594753.5,0.004774030297994614,381.7676696777344
