loss,mape,val_loss,val_mape
0.022168131545186043,175048.53125,0.03332267329096794,246.08497619628906
0.011519381776452065,128881.890625,0.013885186985135078,53.90740203857422
0.009675432927906513,90810.5546875,0.015067259781062603,40.414730072021484
