loss,mape,val_loss,val_mape
0.010569265112280846,793646.4375,0.00707688694819808,1402485.75
0.006784932222217321,1084997.375,0.004861725028604269,1124755.875
0.0036469227634370327,689325.0,0.0018071772065013647,462572.4375
