loss,mape,val_loss,val_mape
0.010664430446922779,550718.625,0.008614642545580864,1179795.75
0.007464746478945017,748813.625,0.007707430049777031,1086938.5
0.006089626345783472,662892.1875,0.005658002570271492,912458.0625
