loss,mape,val_loss,val_mape
0.023807507008314133,143495.3125,0.012991130352020264,280.5436706542969
0.010858697816729546,248930.4375,0.007486831396818161,210.92762756347656
0.004677797667682171,120226.8125,0.003333098953589797,57.66591262817383
