loss,mape,val_loss,val_mape
0.024999145418405533,274311.1875,0.018170861527323723,894053.875
0.012894227169454098,603831.125,0.013033552095293999,1206403.625
0.010575085878372192,619421.25,0.010521906428039074,1036758.9375
