loss,mape,val_loss,val_mape
0.005052096210420132,442440.0625,0.0020922392141073942,274319.25
0.0018616982270032167,132025.09375,0.0024438658729195595,231185.328125
0.0018215235322713852,113157.875,0.001844653277657926,14570.048828125
