loss,mape,val_loss,val_mape
0.015867507085204124,866570.1875,0.010522112250328064,1397665.125
0.007729462347924709,1092853.375,0.004966667387634516,572277.375
0.0031488887034356594,341733.21875,0.003588100429624319,210216.609375
