loss,mape,val_loss,val_mape
0.004948347806930542,323073.53125,0.0016006743535399437,32082.470703125
0.0016935417661443353,98707.4296875,0.0015307186404243112,25913.7265625
0.0016624870477244258,82241.46875,0.0015133616980165243,21695.078125
