loss,mape,val_loss,val_mape
0.031209489330649376,80.84160614013672,0.007975734770298004,115.00236511230469
0.008238072507083416,116.00132751464844,0.007802530657500029,94.5055160522461
0.00790800154209137,102.1064224243164,0.006638326682150364,92.38111114501953
