loss,mape,val_loss,val_mape
0.020669544115662575,2210472.5,0.016027161851525307,4360465.5
0.01602715067565441,3722801.0,0.014846187084913254,4202542.0
0.014427842572331429,3328396.25,0.01229542214423418,3486537.5
