loss,mape,val_loss,val_mape
0.01591975800693035,760153.3125,0.0077110836282372475,569544.25
0.006350683514028788,628955.3125,0.008506408892571926,164507.859375
0.005784447770565748,389784.75,0.006509117782115936,192747.46875
