loss,mape,val_loss,val_mape
0.01094689592719078,2453816.0,0.009401876479387283,1406418.75
0.00819889921694994,1406327.75,0.008654206059873104,810703.875
0.007884910330176353,1197713.875,0.011350315064191818,1472888.75
