loss,mape,val_loss,val_mape
0.018680134788155556,113373.1796875,0.006827984936535358,85.10832214355469
0.0057942504063248634,97379.9609375,0.005402876529842615,40.30826187133789
0.005540906451642513,87834.5546875,0.005304696969687939,35.055973052978516
