loss,mape,val_loss,val_mape
0.016418587416410446,7424494.5,0.014353231526911259,7331214.0
0.012834505178034306,9861569.0,0.012078932486474514,6224128.0
0.010226743295788765,7530659.5,0.009533519856631756,3402310.25
