loss,mape,val_loss,val_mape
0.020370177924633026,67919.46875,0.011309928260743618,206.01065063476562
0.00937017984688282,152676.109375,0.007031367160379887,178.31448364257812
0.004541856236755848,111183.75,0.00273883412592113,62.090885162353516
