loss,mape,val_loss,val_mape
0.010779849253594875,85949.1015625,0.0033978894352912903,56.022945404052734
0.0036929878406226635,62381.6015625,0.0031458039302378893,34.20001220703125
0.003459861734881997,52179.29296875,0.0033687897957861423,43.101646423339844
