loss,mape,val_loss,val_mape
0.02008630894124508,177379.71875,0.013382704928517342,267.98016357421875
0.011086490005254745,329607.8125,0.010111911222338676,248.37527465820312
0.006038964260369539,213072.46875,0.0036967340856790543,87.9624252319336
