loss,mape,val_loss,val_mape
0.01947880908846855,443367.25,0.01144900731742382,506720.53125
0.0077565754763782024,234478.421875,0.005434014834463596,232505.796875
0.005424092523753643,127873.8359375,0.003752289339900017,286860.25
