loss,mape,val_loss,val_mape
0.017181405797600746,114275.0625,0.00876949355006218,184.83798217773438
0.007702070754021406,189586.125,0.005839521996676922,152.0010528564453
0.0042772744782269,123517.1953125,0.0033139376901090145,91.132568359375
