loss,mape,val_loss,val_mape
0.011275527067482471,127334.078125,0.006784392520785332,59998.74609375
0.005284377373754978,97914.828125,0.006262585055083036,41361.3125
0.0051016067154705524,91452.171875,0.006093841977417469,24492.16796875
