loss,mape,val_loss,val_mape
0.019954713061451912,210311.0625,0.012571190483868122,243.92628479003906
0.009039569646120071,215860.28125,0.007398639339953661,84.38143157958984
0.005976403132081032,80728.1171875,0.006771862041205168,47.068634033203125
