loss,mape,val_loss,val_mape
0.010695692151784897,537721.4375,0.007866747677326202,240096.125
0.006895935162901878,795569.0625,0.006060247775167227,211214.046875
0.0042198896408081055,560107.0625,0.0023860586807131767,93879.65625
