loss,mape,val_loss,val_mape
0.035109955817461014,190036.625,0.012658395804464817,249.09396362304688
0.008715895935893059,206131.921875,0.005418530665338039,72.36857604980469
0.0053892736323177814,92845.078125,0.005294171627610922,37.69534683227539
