loss,mape,val_loss,val_mape
0.0071983314119279385,499846.34375,0.003754571545869112,223092.546875
0.002956757787615061,161994.859375,0.0035496780183166265,87132.4375
0.0028787883929908276,128882.7734375,0.0034697067458182573,42257.33203125
