loss,mape,val_loss,val_mape
0.008094173856079578,221115.875,0.0048719486221671104,65150.59375
0.003194972639903426,92586.078125,0.004059283062815666,16268.3388671875
0.002936595818027854,84328.421875,0.002957287710160017,15723.8369140625
