loss,mape,val_loss,val_mape
0.0078830411657691,146778.671875,0.003359268419444561,152886.484375
0.003355705412104726,81955.3828125,0.003780414815992117,135300.46875
0.0032041058875620365,74618.796875,0.002814514096826315,90700.78125
