loss,mape,val_loss,val_mape
0.018347151577472687,208936.6875,0.011962393298745155,148394.953125
0.008403114974498749,115679.9609375,0.009809465147554874,40328.1875
0.007757778279483318,107951.328125,0.009704610332846642,34278.26953125
