loss,mape,val_loss,val_mape
0.007890716195106506,98752.5703125,0.0037696172948926687,59.47446823120117
0.003916585352271795,82541.4296875,0.003380192443728447,34.8083610534668
0.003504941938444972,76102.1484375,0.003296126611530781,39.80927276611328
