loss,mape,val_loss,val_mape
0.01511564664542675,3851055.5,0.012868770398199558,4333308.5
0.013020996935665607,5161817.5,0.012221214361488819,4075019.25
0.011861065402626991,4633260.0,0.010628042742609978,2947387.75
