loss,mape,val_loss,val_mape
0.01865343563258648,238416.421875,0.012285975739359856,276201.6875
0.008098870515823364,262197.75,0.007288759108632803,73262.359375
0.005319167394191027,114311.8203125,0.0066197533160448074,35491.68359375
