loss,mape,val_loss,val_mape
0.007609198335558176,177575.484375,0.003824941348284483,76.5584945678711
0.0030741561204195023,110903.3125,0.003233638359233737,47.814735412597656
0.002693574409931898,99599.75,0.003813298651948571,36.547035217285156
