loss,mape,val_loss,val_mape
0.004435865208506584,326790.90625,0.0016538755735382438,30901.462890625
0.0017126774182543159,97223.609375,0.001556864590384066,20048.421875
0.0017115407390519977,78202.4375,0.0016004018252715468,15774.318359375
