loss,mape,val_loss,val_mape
0.03313189744949341,446746.53125,0.019020529463887215,1907666.625
0.01676812954246998,824493.75,0.013135751709342003,1382779.125
0.011131016537547112,440474.125,0.008586212992668152,570715.9375
