loss,mape,val_loss,val_mape
0.009296492673456669,86790.5234375,0.0030047546606510878,68.90827941894531
0.0027210128027945757,52860.73046875,0.0027788737788796425,37.95160675048828
0.0026106599252671003,47037.98828125,0.002596320351585746,31.463397979736328
