loss,mape,val_loss,val_mape
0.008510586805641651,173301.03125,0.0033351131714880466,46.33565139770508
0.0026798329781740904,62276.48828125,0.0030553536489605904,42.251304626464844
0.0025825987104326487,63341.203125,0.0029549782630056143,38.509483337402344
