loss,mape,val_loss,val_mape
0.019801368936896324,170686.765625,0.0060469526797533035,81.43244934082031
0.005737891420722008,102327.8125,0.006502874195575714,65.46104431152344
0.005472514778375626,91302.9453125,0.005489784758538008,39.20697021484375
