loss,mape,val_loss,val_mape
0.03225400671362877,128807.7421875,0.01448234636336565,295.59332275390625
0.012714732438325882,134917.9375,0.00910203903913498,136.56076049804688
0.009030946530401707,55595.859375,0.008234101347625256,69.93130493164062
