loss,mape,val_loss,val_mape
0.0036653359420597553,1756033.0,0.001661230344325304,782413.4375
0.0012306428980082273,467381.40625,0.0011588619090616703,37904.7265625
0.0008785153622739017,432633.34375,0.000635616248473525,235894.3125
