loss,mape,val_loss,val_mape
0.011152701452374458,226992.28125,0.006391330622136593,87.12071990966797
0.005485089495778084,98753.125,0.005834550596773624,48.651729583740234
0.0050207870081067085,90832.9609375,0.0050945281982421875,50.629554748535156
