loss,mape,val_loss,val_mape
0.036239076405763626,112977.7265625,0.019188055768609047,250.45640563964844
0.016795793548226357,235261.109375,0.015925906598567963,156.6302490234375
0.01292230561375618,165357.03125,0.011697197332978249,127.69865417480469
