loss,mape,val_loss,val_mape
0.041422583162784576,80357.9140625,0.012814623303711414,200.29039001464844
0.014326728880405426,317234.34375,0.011256429366767406,161.07760620117188
0.012894311919808388,261660.5625,0.009745845571160316,142.5526885986328
