loss,mape,val_loss,val_mape
0.005325034726411104,79827.7109375,0.004359690006822348,266.1471862792969
0.004106081556528807,106164.2890625,0.00419255904853344,250.14537048339844
0.00391071941703558,107343.0390625,0.003939849324524403,226.96023559570312
