loss,mape,val_loss,val_mape
0.008483476005494595,798196.625,0.006040431093424559,350044.75
0.005461373832076788,371315.5625,0.0057894401252269745,281666.84375
0.005251494701951742,275834.65625,0.006251409649848938,101254.09375
