loss,mape,val_loss,val_mape
0.008187012746930122,104885.171875,0.004190538078546524,90.05340576171875
0.003489668481051922,70526.28125,0.0031538165640085936,71.15534973144531
0.0033880926202982664,75907.078125,0.0028916802257299423,62.62436294555664
