loss,mape,val_loss,val_mape
0.02757209725677967,419723.25,0.010409561917185783,96.27091217041016
0.007609931286424398,122990.3671875,0.007798023987561464,65.4520263671875
0.007082684431225061,108500.953125,0.007180750835686922,76.72154998779297
