loss,mape,val_loss,val_mape
0.030794508755207062,729543.4375,0.012440918013453484,702673.75
0.00927684735506773,366873.5625,0.005830445326864719,483293.59375
0.004450265318155289,172778.421875,0.004603725392371416,186828.828125
