loss,mape,val_loss,val_mape
0.039275579154491425,262978.15625,0.012648745439946651,255.1801300048828
0.01135597750544548,63095.73828125,0.008767464198172092,94.66148376464844
0.010312128812074661,68083.7421875,0.009591866284608841,127.85466766357422
