loss,mape,val_loss,val_mape
0.05824868008494377,741476.5625,0.028648268431425095,351.2668762207031
0.023857444524765015,418605.03125,0.014705942012369633,197.8673553466797
0.01472154725342989,251311.578125,0.01068946160376072,199.58570861816406
