loss,mape,val_loss,val_mape
0.051875993609428406,1595174.25,0.02002931758761406,1637061.5
0.01587684452533722,770717.0625,0.01464338693767786,1260711.625
0.010647542774677277,632302.75,0.008539687842130661,1015527.9375
