loss,mape,val_loss,val_mape
0.030582638457417488,345891.75,0.009314525872468948,208.0022430419922
0.007615040056407452,133416.34375,0.005705745425075293,153.93817138671875
0.004192391876131296,105848.21875,0.004207930527627468,73.2607650756836
