loss,mape,val_loss,val_mape
0.04153400659561157,555784.25,0.018304869532585144,416967.96875
0.010936999693512917,246201.203125,0.011778469197452068,210206.609375
0.008989762514829636,169692.59375,0.00863322801887989,142142.125
