loss,mape,val_loss,val_mape
0.032519858330488205,8081916.5,0.005936513654887676,2915625.25
0.005106506869196892,3246982.0,0.005410587415099144,1178861.5
0.0039528533816337585,2025985.875,0.006190355867147446,373791.90625
