loss,mape,val_loss,val_mape
0.03673622012138367,403151.375,0.01711011305451393,270.9075012207031
0.013116059824824333,141744.40625,0.011594951152801514,115.73302459716797
0.01197446882724762,109392.1796875,0.012151172384619713,75.24188995361328
