loss,mape,val_loss,val_mape
0.05197101831436157,12142361.0,0.0058672307059168816,3373271.25
0.005733146332204342,3578579.0,0.0056388103403151035,3253144.0
0.005457687191665173,3483154.75,0.005434878170490265,3565432.5
