loss,mape,val_loss,val_mape
0.025900492444634438,992503.5,0.00655423104763031,564.4019775390625
0.003569818800315261,368776.78125,0.0016630832105875015,175.39439392089844
0.0024903228040784597,231672.671875,0.0019227279117330909,185.2683868408203
