loss,mape,val_loss,val_mape
0.04233982041478157,1535914.125,0.018926769495010376,640.6777954101562
0.014088396914303303,826655.1875,0.0074008614756166935,384.703857421875
0.006929568946361542,380129.25,0.0057975612580776215,220.4765167236328
