loss,mape,val_loss,val_mape
0.039463624358177185,7272851.0,0.015918495133519173,5098742.0
0.014352082274854183,2551568.5,0.010687137953937054,2373135.0
0.011938486248254776,1259560.75,0.011892697773873806,843902.0
