loss,mape,val_loss,val_mape
0.03529241308569908,860399.0,0.015488679520785809,334.14056396484375
0.011699938215315342,456868.53125,0.008911610580980778,237.86819458007812
0.006795037072151899,229717.21875,0.008636697195470333,147.84242248535156
