loss,mape,val_loss,val_mape
0.03679686784744263,801110.625,0.016982827335596085,277.70233154296875
0.010133017785847187,324830.03125,0.009340878576040268,160.6917724609375
0.007779179606586695,210640.796875,0.010748833417892456,98.56315612792969
