loss,mape,val_loss,val_mape
0.08215875178575516,489.0082092285156,0.03822769224643707,339.12579345703125
0.026610873639583588,279.84228515625,0.018374593928456306,198.9697265625
0.01825130358338356,201.27444458007812,0.01633097603917122,177.15390014648438
