loss,mape,val_loss,val_mape
0.02781093306839466,550788.4375,0.00954950787127018,242656.203125
0.007017400115728378,192224.890625,0.007492469158023596,85330.125
0.006432540714740753,127463.9921875,0.008058032020926476,120618.34375
