loss,mape,val_loss,val_mape
0.023906683549284935,564465.8125,0.004802152514457703,241800.796875
0.004854083992540836,149034.125,0.004660771694034338,149013.90625
0.004159924108535051,118416.2578125,0.003700540866702795,158457.09375
