loss,mape,val_loss,val_mape
0.035638049244880676,3888480.5,0.014435910619795322,2178829.0
0.011483879759907722,2005078.75,0.00873169582337141,1184573.25
0.006507316138595343,1163692.875,0.0065909940749406815,872682.0
