loss,mape,val_loss,val_mape
0.027982477098703384,296949.09375,0.012535366229712963,202.271728515625
0.010038524866104126,190834.828125,0.007104677148163319,165.29542541503906
0.005429501179605722,155879.734375,0.0034145843237638474,102.59696960449219
