loss,mape,val_loss,val_mape
0.03585061803460121,627726.625,0.016449440270662308,332297.65625
0.011203790083527565,341878.625,0.007966146804392338,170392.71875
0.006405952386558056,185406.71875,0.007303276099264622,115952.0625
