loss,mape,val_loss,val_mape
0.037959467619657516,1273323.125,0.013159402646124363,373724.0
0.009157528169453144,639415.9375,0.006448557134717703,230075.15625
0.004293690901249647,327332.65625,0.006943867076188326,76532.125
