loss,mape,val_loss,val_mape
0.03360631316900253,1448346.75,0.006918491329997778,884836.0625
0.006264030933380127,646727.125,0.005009367596358061,737802.625
0.004349369090050459,534173.4375,0.003250634530559182,624942.8125
