loss,mape,val_loss,val_mape
0.04021128639578819,716584.6875,0.013547048904001713,214.23504638671875
0.008451704867184162,292567.96875,0.006166469305753708,244.69410705566406
0.004752746317535639,157812.8125,0.0033177626319229603,91.69351959228516
