loss,mape,val_loss,val_mape
0.035452745854854584,2255787.75,0.008204380981624126,1501949.5
0.007266751956194639,1157586.875,0.004429114516824484,1124244.75
0.003639363683760166,756065.875,0.002093715826049447,640530.5
