loss,mape,val_loss,val_mape
0.035837672650814056,1367579.875,0.009190253913402557,243.66175842285156
0.0077091907151043415,339031.125,0.0056442138738930225,141.24380493164062
0.006727695930749178,262779.875,0.005762627813965082,114.3680419921875
