loss,mape,val_loss,val_mape
0.03233227878808975,16205890.0,0.014620735310018063,7046139.5
0.011745726689696312,8088980.5,0.008672327734529972,3941488.5
0.00941799022257328,5257266.5,0.01616375520825386,857795.375
