loss,mape,val_loss,val_mape
0.016420066356658936,140237.109375,0.0018574288114905357,173.38819885253906
0.0022162129171192646,44040.953125,0.002886603819206357,58.95225143432617
0.0019891883712261915,29367.0859375,0.00209629163146019,56.738365173339844
