loss,mape,val_loss,val_mape
0.04739407077431679,8260530.5,0.018185660243034363,5483219.5
0.017901098355650902,4253620.0,0.015864761546254158,4430793.0
0.01550960447639227,3572565.0,0.013082015328109264,3509662.5
