loss,mape,val_loss,val_mape
0.023509154096245766,206714.9375,0.005246043670922518,285.4348449707031
0.0045247990638017654,111875.203125,0.003648837096989155,230.22177124023438
0.0030062783043831587,88622.0859375,0.002038907026872039,183.01258850097656
