loss,mape,val_loss,val_mape
0.02735896408557892,1403215.625,0.004711779300123453,853505.875
0.003578576957806945,388936.40625,0.003313868073746562,400070.78125
0.002990337088704109,241434.03125,0.0034309530165046453,438446.84375
