loss,mape,val_loss,val_mape
0.041391771286726,1654531.875,0.012997619807720184,1118252.25
0.011586148291826248,446973.25,0.009795492514967918,669626.625
0.010528340004384518,301209.3125,0.00846822839230299,465850.90625
