loss,mape,val_loss,val_mape
0.072606660425663,823874.9375,0.036791056394577026,496.5545654296875
0.03242151811718941,492504.90625,0.025312138721346855,350.73138427734375
0.02448178082704544,419898.6875,0.01981642283499241,293.3988342285156
