loss,mape,val_loss,val_mape
0.028265291824936867,434566.90625,0.005668808706104755,202.68824768066406
0.004612352699041367,124636.640625,0.003988537937402725,104.69644927978516
0.004210719373077154,98058.046875,0.005688120611011982,129.6572723388672
