loss,mape,val_loss,val_mape
0.025913933292031288,1450664.625,0.00955138262361288,115528.4140625
0.004041346255689859,459739.90625,0.002366356085985899,64318.0078125
0.002896042773500085,257542.171875,0.0025442559272050858,58937.9609375
