loss,mape,val_loss,val_mape
0.03434102237224579,1732537.375,0.008803649805486202,245220.84375
0.006752346642315388,755172.9375,0.00450956029817462,169136.40625
0.003168163588270545,505197.78125,0.003189267124980688,76972.671875
