loss,mape,val_loss,val_mape
0.034138355404138565,1486790.75,0.009391719475388527,1519317.75
0.0057815080508589745,565387.6875,0.004487216006964445,459452.375
0.0039717042818665504,315991.40625,0.004295957740396261,715514.1875
