loss,mape,val_loss,val_mape
0.03104003332555294,966243.0,0.008947856724262238,345.6739501953125
0.006934844423085451,469522.3125,0.0032398649491369724,200.20816040039062
0.004037292208522558,231551.34375,0.0030945553444325924,100.93907928466797
