loss,mape,val_loss,val_mape
0.03201388195157051,251173.078125,0.01286634523421526,236.16127014160156
0.007652475032955408,106520.9453125,0.0036089960485696793,86.29216766357422
0.0043121627531945705,61772.796875,0.0036881661508232355,67.74162292480469
