loss,mape,val_loss,val_mape
0.027508284896612167,170406.859375,0.0054632313549518585,147.94290161132812
0.0045431144535541534,73252.0234375,0.0031781047582626343,61.18916320800781
0.0037881017196923494,68255.5234375,0.004195852670818567,106.16693115234375
