loss,mape,val_loss,val_mape
0.03319782391190529,1431395.375,0.008411497808992863,480.6495666503906
0.007107021287083626,630384.875,0.005145670846104622,411.99578857421875
0.0038859001360833645,509478.6875,0.0022807291243225336,224.06631469726562
