loss,mape,val_loss,val_mape
0.024328576400876045,189135.65625,0.00391569035127759,78.40780639648438
0.0050566052086651325,74258.140625,0.0034423009492456913,57.66028594970703
0.004532352089881897,52896.77734375,0.0043843211606144905,50.98069763183594
