loss,mape,val_loss,val_mape
0.048345185816287994,1601800.125,0.02101021073758602,173285.5
0.019983217120170593,352843.40625,0.02051714062690735,130319.25
0.02001444436609745,358792.78125,0.01942901499569416,217281.859375
