loss,mape,val_loss,val_mape
0.03768068924546242,494182.4375,0.01561757642775774,335.756103515625
0.010753924958407879,241647.34375,0.005321136210113764,198.91510009765625
0.004252888262271881,121391.84375,0.003913829568773508,98.09361267089844
