loss,mape,val_loss,val_mape
0.042385607957839966,707675.0,0.014048485085368156,299.5378112792969
0.011911042965948582,375291.53125,0.010854258202016354,262.06683349609375
0.009069886989891529,307107.90625,0.007629724685102701,225.26239013671875
