loss,mape,val_loss,val_mape
0.02848721668124199,330735.625,0.022035857662558556,32627.302734375
0.009452646598219872,149197.6875,0.009794029407203197,164652.96875
0.0087798573076725,154336.609375,0.01603357307612896,40699.46484375
