loss,mape,val_loss,val_mape
0.0441596694290638,3106784.0,0.01973341964185238,1157921.5
0.010360132902860641,1162899.625,0.007210190873593092,728704.9375
0.007354639004915953,744429.875,0.006928551942110062,410121.9375
