loss,mape,val_loss,val_mape
0.029565006494522095,448263.71875,0.027934685349464417,36340.58203125
0.009463006630539894,136325.921875,0.012056565843522549,189396.96875
0.0086817080155015,143234.90625,0.02704819105565548,342874.40625
