loss,mape,val_loss,val_mape
0.02692165970802307,1965831.25,0.006487606093287468,1529397.625
0.004355701617896557,678011.3125,0.002071735681965947,583622.375
0.003097808687016368,407679.5,0.0023087176959961653,333644.65625
