loss,mape,val_loss,val_mape
0.03893298655748367,491404.71875,0.016480185091495514,275.6852111816406
0.009353411383926868,204346.734375,0.006072622258216143,110.69683837890625
0.00649372348561883,128767.4453125,0.0059233843348920345,99.18553924560547
