loss,mape,val_loss,val_mape
0.03226820379495621,8762789.0,0.013115216046571732,5319844.0
0.010544857010245323,3162669.0,0.008419908583164215,1565258.75
0.008986695669591427,2135702.5,0.007988709025084972,1614647.625
