loss,mape,val_loss,val_mape
0.031852345913648605,258042.015625,0.014085426926612854,216.72715759277344
0.012211381457746029,152295.75,0.010004361160099506,176.88336181640625
0.008461570367217064,131606.390625,0.006029901094734669,125.67411041259766
