loss,mape,val_loss,val_mape
0.03878054767847061,10358740.0,0.014466582797467709,4091103.25
0.01407744362950325,5416606.0,0.012271069921553135,4214182.0
0.01172920037060976,4613113.5,0.010095303878188133,2641405.75
