loss,mape,val_loss,val_mape
0.028020773082971573,880872.1875,0.012969336472451687,81941.2734375
0.0050917998887598515,289292.96875,0.004370722454041243,59669.86328125
0.004422843921929598,236789.03125,0.010427646338939667,34599.88671875
