loss,mape,val_loss,val_mape
0.06170273199677467,2017288.5,0.04022335261106491,708337.0
0.02819225937128067,1066360.0,0.021929075941443443,266080.3125
0.020849168300628662,426260.75,0.02286810800433159,208201.484375
