loss,mape,val_loss,val_mape
0.044112157076597214,785401.5625,0.008271222934126854,652811.8125
0.007493895478546619,284751.0,0.007059301715344191,557610.375
0.00614192895591259,266791.34375,0.005755715537816286,609942.75
