loss,mape,val_loss,val_mape
0.03600824624300003,669988.75,0.016135120764374733,274.35211181640625
0.011066300794482231,291317.25,0.008017820306122303,151.38412475585938
0.0067484029568731785,133885.484375,0.007783321663737297,103.9463119506836
