loss,mape,val_loss,val_mape
0.04650115966796875,924533.625,0.022461136803030968,1110506.375
0.011834468692541122,367732.8125,0.008228090591728687,663498.5
0.008749784901738167,200854.671875,0.010091781616210938,308872.9375
