loss,mape,val_loss,val_mape
0.04236133396625519,322409.3125,0.02538035623729229,272.3871154785156
0.01956460066139698,234887.875,0.017037933692336082,143.23692321777344
0.012358874082565308,125353.53125,0.012437918223440647,106.38738250732422
