loss,mape,val_loss,val_mape
0.0297822467982769,480275.9375,0.008131562732160091,622783.375
0.005662907846271992,212015.171875,0.0034462830517441034,383297.6875
0.003634503809735179,136281.90625,0.0039621563628315926,144932.09375
