loss,mape,val_loss,val_mape
0.026818914338946342,1247927.5,0.005539282225072384,59395.04296875
0.0030342545360326767,313593.96875,0.0024664276279509068,56307.32421875
0.002775028580799699,254467.484375,0.0018223116640001535,60589.50390625
