loss,mape,val_loss,val_mape
0.03947541117668152,19624106.0,0.017378434538841248,8515973.0
0.01539372093975544,10950630.0,0.014751383103430271,6818813.0
0.012788677588105202,9936271.0,0.012122748419642448,4946512.5
