loss,mape,val_loss,val_mape
0.027834519743919373,381843.96875,0.0058767241425812244,66.92137908935547
0.006750441621989012,102833.6328125,0.0057082753628492355,83.26679229736328
0.006797371432185173,101005.6484375,0.00604506628587842,75.2193374633789
