loss,mape,val_loss,val_mape
0.02435697615146637,240632.125,0.008105638436973095,244.661376953125
0.004234998021274805,88932.53125,0.0024266010150313377,94.2422866821289
0.002972173970192671,71773.4453125,0.002064889995381236,73.93042755126953
