loss,mape,val_loss,val_mape
0.06288547068834305,420.7162780761719,0.02504223771393299,203.35455322265625
0.022021859884262085,217.1421356201172,0.016824033111333847,193.87257385253906
0.014916213229298592,179.9541473388672,0.00949123129248619,131.46957397460938
