loss,mape,val_loss,val_mape
0.05112218111753464,3217945.5,0.022180024534463882,1492988.25
0.016373109072446823,1797936.0,0.015137664042413235,1107435.75
0.01006304007023573,1361014.375,0.007380660157650709,835610.9375
