loss,mape,val_loss,val_mape
0.029153816401958466,741858.25,0.01447153091430664,348.4421081542969
0.007647418417036533,240171.0625,0.008802896365523338,74.31300354003906
0.006679144222289324,152273.875,0.007895217277109623,69.8010482788086
