loss,mape,val_loss,val_mape
0.020962044596672058,210455.4375,0.0060253082774579525,88.70384979248047
0.004704390652477741,106656.0703125,0.004358941223472357,104.31800079345703
0.004060052335262299,92903.140625,0.0061213066801428795,55.562843322753906
