loss,mape,val_loss,val_mape
0.026167193427681923,2008579.625,0.004662429913878441,678828.5
0.004562939051538706,509366.34375,0.0047617158852517605,614560.0
0.0038422371726483107,464794.15625,0.006276039406657219,675650.0
