loss,mape,val_loss,val_mape
0.04752322658896446,295949.71875,0.022272810339927673,365.9224548339844
0.01715545728802681,181890.78125,0.009706293232738972,189.75660705566406
0.01022157073020935,86550.0546875,0.008962717838585377,128.2238311767578
