loss,mape,val_loss,val_mape
0.03705080598592758,2507092.25,0.013194656930863857,1611182.0
0.009174862876534462,1263537.125,0.005241950508207083,966004.8125
0.003945958334952593,637870.5,0.004742967896163464,429888.8125
