loss,mape,val_loss,val_mape
0.03732879087328911,281930.21875,0.015177490189671516,270.8156433105469
0.011979798786342144,173158.9375,0.007692588027566671,197.82699584960938
0.004973634611815214,121102.0,0.003811984322965145,106.37097930908203
