loss,mape,val_loss,val_mape
0.032228097319602966,471625.0625,0.014256163500249386,301.8924560546875
0.008609835058450699,282041.9375,0.005968166049569845,114.03362274169922
0.00350590911693871,148300.6875,0.0038187773898243904,87.88397979736328
