loss,mape,val_loss,val_mape
0.02933766506612301,582403.5625,0.01020075660198927,191.3680419921875
0.008173801936209202,204414.71875,0.009773568250238895,74.42438507080078
0.00738628301769495,175813.578125,0.010000273585319519,59.434139251708984
