loss,mape,val_loss,val_mape
0.03130888566374779,3176041.75,0.007266046013683081,1330098.5
0.007153452839702368,971547.4375,0.006979061756283045,903344.0
0.006426006555557251,804957.4375,0.006321369204670191,846622.9375
