loss,mape,val_loss,val_mape
0.040043096989393234,1269047.75,0.014740843325853348,1473241.875
0.008548367768526077,527035.6875,0.0062135253101587296,371015.71875
0.005680645816028118,250511.703125,0.007844638079404831,273807.6875
