loss,mape,val_loss,val_mape
0.04894320294260979,1604941.5,0.02587205171585083,2708588.25
0.021390076726675034,1039011.0625,0.01486179605126381,1773574.375
0.012344599701464176,601191.3125,0.00926993414759636,891606.8125
