loss,mape,val_loss,val_mape
0.02755393274128437,220414.140625,0.009523622691631317,146.36595153808594
0.006673779338598251,113998.6875,0.0047041866928339005,91.299560546875
0.005037406925112009,71412.171875,0.004212194122374058,44.74375534057617
