loss,mape,val_loss,val_mape
0.026260878890752792,437559.53125,0.007849780842661858,133.26083374023438
0.00683951610699296,137576.765625,0.005568688735365868,58.88985824584961
0.006337153259664774,114536.546875,0.007145296316593885,108.25811004638672
