loss,mape,val_loss,val_mape
0.057318758219480515,1115909.0,0.028765279799699783,1638193.375
0.02141757495701313,520819.9375,0.022464241832494736,1439031.5
0.01625771075487137,451850.65625,0.01689867489039898,962450.9375
