loss,mape,val_loss,val_mape
0.04420032352209091,1837105.75,0.012487825937569141,1404251.25
0.010821661911904812,868624.375,0.010274470783770084,1173658.5
0.008440372534096241,784373.125,0.007644971366971731,1201889.75
