loss,mape,val_loss,val_mape
0.02563243918120861,483001.5625,0.008501763455569744,90.54191589355469
0.003987403586506844,148319.0625,0.004679000470787287,63.49581527709961
0.0036539172288030386,108900.9609375,0.004827836062759161,50.70240783691406
