loss,mape,val_loss,val_mape
0.042627472430467606,1108080.875,0.009801105596125126,398.686767578125
0.009784415364265442,565432.9375,0.007637689355760813,325.6237487792969
0.007331119850277901,511617.875,0.005240996368229389,268.2503967285156
