loss,mape,val_loss,val_mape
0.028053300455212593,252670.03125,0.0084007503464818,63.69584655761719
0.006602045614272356,130326.28125,0.008514541201293468,46.234161376953125
0.006638296879827976,104901.2421875,0.005388386081904173,48.02071762084961
