loss,mape,val_loss,val_mape
0.03540739417076111,285978.9375,0.009486695751547813,209.56210327148438
0.007581254467368126,161640.03125,0.0051929401233792305,163.40362548828125
0.003770093433558941,106582.3125,0.0020722437184304,94.456787109375
