loss,mape,val_loss,val_mape
0.03816026821732521,672252.0625,0.01727215014398098,292.00384521484375
0.011339387856423855,296702.65625,0.008126620203256607,160.75978088378906
0.006316166836768389,151704.515625,0.009592873044312,132.13807678222656
