loss,mape,val_loss,val_mape
0.017239972949028015,170110.4375,0.0037406759802252054,135.5083770751953
0.0024488058406859636,51680.95703125,0.002152319299057126,69.8508071899414
0.0019249800825491548,43820.078125,0.0012489281361922622,102.9887924194336
