loss,mape,val_loss,val_mape
0.028960170224308968,397398.03125,0.007651398424059153,121206.859375
0.008627879433333874,139167.46875,0.010215445421636105,102131.78125
0.008469803258776665,113941.21875,0.013241970911622047,161490.640625
