loss,mape,val_loss,val_mape
0.049385279417037964,1310899.0,0.01031880360096693,397.4339904785156
0.010630009695887566,574796.875,0.008800659328699112,362.5626220703125
0.009119244292378426,541393.9375,0.0073633999563753605,338.5608825683594
