loss,mape,val_loss,val_mape
0.036289822310209274,341099.625,0.020979223772883415,229.80984497070312
0.012459336780011654,147741.390625,0.011456385254859924,86.78319549560547
0.01189785823225975,107663.5078125,0.01134076714515686,109.7750244140625
