loss,mape,val_loss,val_mape
0.03072420321404934,808744.4375,0.007238863036036491,186.07460021972656
0.006854884792119265,199847.625,0.007358465809375048,122.00556945800781
0.006352833006531,156644.125,0.007781093008816242,120.95825958251953
