loss,mape,val_loss,val_mape
0.03106691874563694,506719.875,0.00785944052040577,156.5869903564453
0.007088095881044865,147207.1875,0.008082682266831398,121.81187438964844
0.006358998827636242,113225.015625,0.0065783001482486725,68.289794921875
