loss,mape,val_loss,val_mape
0.043195538222789764,4071925.75,0.01364386547356844,2358092.25
0.01082739606499672,2072845.25,0.008116081357002258,1632103.125
0.006760330870747566,1160098.0,0.006666898727416992,968770.1875
