loss,mape,val_loss,val_mape
0.03541932627558708,345435.4375,0.011995992623269558,163.1693878173828
0.012607613578438759,165498.28125,0.014348100870847702,62.884429931640625
0.012071721255779266,106366.5,0.01103946566581726,82.60262298583984
