loss,mape,val_loss,val_mape
0.0184311643242836,128815.2890625,0.002046955283731222,151.43934631347656
0.0022940700873732567,41294.51171875,0.0014909401070326567,125.00634765625
0.0019324339227750897,33096.2890625,0.0019051437266170979,64.77872467041016
