loss,mape,val_loss,val_mape
0.030237719416618347,206491.40625,0.008210661821067333,118.8854751586914
0.006253925152122974,98661.4921875,0.0040587629191577435,80.64494323730469
0.005026994738727808,81273.0234375,0.0036217011511325836,63.073734283447266
