loss,mape,val_loss,val_mape
0.0322904959321022,645752.0625,0.009479084052145481,149.30081176757812
0.008249636739492416,206152.671875,0.007723727263510227,93.26683807373047
0.007224664092063904,163829.71875,0.008895599283277988,130.81097412109375
