loss,mape,val_loss,val_mape
0.0263577401638031,594316.25,0.004670753143727779,371212.84375
0.004732145927846432,166704.015625,0.0035113210324198008,196626.59375
0.004281445872038603,124994.2578125,0.004703396465629339,249667.34375
