loss,mape,val_loss,val_mape
0.024071386083960533,198195.5625,0.0054033477790653706,281.85546875
0.0048925671726465225,110097.59375,0.004309643991291523,254.45840454101562
0.003813738701865077,97351.546875,0.00282213743776083,197.7589111328125
