loss,mape,val_loss,val_mape
0.05261128395795822,641308.1875,0.013564945198595524,299.63531494140625
0.011886220425367355,331690.15625,0.011287706904113293,298.1998291015625
0.01006315927952528,325595.28125,0.009135625325143337,262.7208251953125
