loss,mape,val_loss,val_mape
0.03679516538977623,1566376.75,0.00981918815523386,1454962.625
0.00624052481725812,571328.375,0.0066390191204845905,397349.34375
0.004221078474074602,346454.65625,0.0037999763153493404,650384.6875
