loss,mape,val_loss,val_mape
0.024638844653964043,394848.0625,0.004873483907431364,143.6855010986328
0.004110917914658785,118173.390625,0.0032655152026563883,75.55708312988281
0.0035851560533046722,106755.046875,0.0033590898383408785,85.4825210571289
