loss,mape,val_loss,val_mape
0.06941453367471695,437.67755126953125,0.026377331465482712,255.12351989746094
0.02321033366024494,231.74998474121094,0.019454222172498703,227.43902587890625
0.01630903221666813,191.26107788085938,0.01200161688029766,140.94337463378906
