loss,mape,val_loss,val_mape
0.03215889632701874,631240.0625,0.010513161309063435,193.60855102539062
0.0075873276218771935,189198.828125,0.008374805562198162,132.19866943359375
0.006732135079801083,153807.96875,0.010825984179973602,160.24647521972656
