loss,mape,val_loss,val_mape
0.036655180156230927,819584.5625,0.014527443796396255,718968.0
0.012168535962700844,414975.78125,0.009538466110825539,684024.1875
0.006102138664573431,299281.96875,0.003964211791753769,278560.09375
