loss,mape,val_loss,val_mape
0.023084335029125214,186946.71875,0.00478588230907917,95.82380676269531
0.004623595159500837,62117.05859375,0.0031932799611240625,59.413265228271484
0.0043041822500526905,58544.74609375,0.0037932503037154675,44.15378952026367
