loss,mape,val_loss,val_mape
0.028711071237921715,1871287.125,0.005271207541227341,1347571.5
0.00386253884062171,555416.625,0.0024032527580857277,345785.53125
0.003264490282163024,421916.53125,0.003732370911166072,232185.953125
