loss,mape,val_loss,val_mape
0.023399880155920982,293356.84375,0.007086502388119698,123.09972381591797
0.0050182039849460125,121301.0234375,0.00350203481502831,67.01424407958984
0.0042047579772770405,97918.8203125,0.0032136733643710613,61.956546783447266
