loss,mape,val_loss,val_mape
0.031328413635492325,509582.5,0.009580508805811405,149850.796875
0.008894543163478374,181902.28125,0.007656755391508341,83771.0234375
0.008420472033321857,142610.1875,0.013572814874351025,60083.046875
