loss,mape,val_loss,val_mape
0.029922034591436386,1024206.875,0.008365617133677006,66285.828125
0.0045806244015693665,236499.484375,0.012218308635056019,35675.4140625
0.004108465742319822,220420.078125,0.004119413904845715,90860.578125
