loss,mape,val_loss,val_mape
0.07001746445894241,762686.8125,0.030360398814082146,413.03814697265625
0.026563119143247604,361035.71875,0.019024185836315155,219.44668579101562
0.017589064314961433,281431.21875,0.014784443192183971,240.5490264892578
