loss,mape,val_loss,val_mape
0.04689936339855194,1344981.0,0.018981968984007835,197702.0625
0.01893206313252449,298854.34375,0.019592076539993286,204615.109375
0.018595421686768532,329365.09375,0.019124841317534447,179629.109375
