loss,mape,val_loss,val_mape
0.060193900018930435,3927501.5,0.025391656905412674,1595879.0
0.020120033994317055,1921073.875,0.02106614224612713,1369483.0
0.016435004770755768,1713632.75,0.01623319648206234,1262725.625
