loss,mape,val_loss,val_mape
0.04211057350039482,915245.6875,0.021220440044999123,338.2462463378906
0.01275920495390892,453448.5,0.008691483177244663,145.77708435058594
0.007654123939573765,246302.625,0.008463888429105282,145.50502014160156
