loss,mape,val_loss,val_mape
0.03745236620306969,8135557.0,0.006380759179592133,3336758.5
0.005519210826605558,3385275.75,0.0045015946961939335,3300904.5
0.003874757094308734,2125056.25,0.005000166594982147,598907.9375
