loss,mape,val_loss,val_mape
0.046549875289201736,11953515.0,0.014835036359727383,4472315.0
0.014550870284438133,5560990.0,0.012615097686648369,4151499.75
0.011717836372554302,4767683.5,0.008488531224429607,3151121.25
