loss,mape,val_loss,val_mape
0.02514650672674179,424277.875,0.008693600073456764,169500.515625
0.004687061067670584,131462.953125,0.0038984008133411407,158848.65625
0.004114257171750069,128341.140625,0.0035850030835717916,182170.171875
