loss,mape,val_loss,val_mape
0.028898347169160843,215323.015625,0.004136895295232534,136.26382446289062
0.004431866109371185,95393.03125,0.005745351314544678,125.42247009277344
0.003748586867004633,74276.5625,0.004432268440723419,98.85641479492188
