loss,mape,val_loss,val_mape
0.03171781450510025,401461.90625,0.008528811857104301,283.3155212402344
0.005892645101994276,141949.453125,0.0038490253500640392,97.26990509033203
0.004644488450139761,101987.734375,0.0039048416074365377,103.21151733398438
