loss,mape,val_loss,val_mape
0.02572443336248398,970826.0,0.008406035602092743,250.8320770263672
0.003906061640009284,350323.15625,0.0029397227335721254,130.5511932373047
0.0025929834228008986,239713.875,0.003822208847850561,99.128662109375
