loss,mape,val_loss,val_mape
0.04025815427303314,350352.375,0.014731787145137787,261.1068420410156
0.010828853584825993,152460.515625,0.005818324163556099,185.70892333984375
0.004180592019110918,83624.046875,0.004011317156255245,77.55193328857422
