loss,mape,val_loss,val_mape
0.065084308385849,428.5516052246094,0.025855356827378273,206.72500610351562
0.022451482713222504,220.702880859375,0.01785937137901783,189.25396728515625
0.016841694712638855,185.63690185546875,0.012977971695363522,162.99737548828125
