loss,mape,val_loss,val_mape
0.033351831138134,1460288.5,0.010407108813524246,1143594.125
0.0065718842670321465,614407.125,0.0039965263567864895,770255.0625
0.004444580525159836,347036.15625,0.0037911576218903065,650996.1875
