loss,mape,val_loss,val_mape
0.034449268132448196,16798042.0,0.010287109762430191,5834286.5
0.009688841179013252,5849100.0,0.0069692605175077915,3238391.5
0.008319981396198273,4670937.0,0.006584791466593742,2452134.0
