loss,mape,val_loss,val_mape
0.05095518380403519,854999.0625,0.02277376502752304,1421136.25
0.013390643522143364,360958.9375,0.008734607137739658,469053.46875
0.008768841624259949,190357.015625,0.008516483940184116,320807.6875
