loss,mape,val_loss,val_mape
0.02698345296084881,203105.015625,0.0077099669724702835,95.60200500488281
0.005574130453169346,104408.046875,0.005933905951678753,101.35232543945312
0.004923049360513687,100843.1640625,0.004235633183270693,78.0721435546875
