loss,mape,val_loss,val_mape
0.04220980778336525,508805.1875,0.016057666391134262,278.9133605957031
0.009037644602358341,217085.65625,0.006364749278873205,111.41141510009766
0.007012106478214264,155760.34375,0.006505576428025961,125.18387603759766
