loss,mape,val_loss,val_mape
0.028753241524100304,2038301.125,0.008088123984634876,463049.46875
0.0047608003951609135,544530.125,0.004529374185949564,348390.6875
0.004145760089159012,444971.46875,0.0038882624357938766,311230.21875
