loss,mape,val_loss,val_mape
0.0424158051609993,1726656.625,0.007998383603990078,811548.3125
0.007404922042042017,683201.375,0.00662034610286355,874939.4375
0.006279612425714731,672306.125,0.00527196004986763,872251.875
