loss,mape,val_loss,val_mape
0.029270531609654427,493909.625,0.009966094978153706,82.1085205078125
0.006825711112469435,109464.609375,0.007517245598137379,109.96737670898438
0.006657731253653765,123458.15625,0.00846792571246624,54.40129089355469
