loss,mape,val_loss,val_mape
0.03858115151524544,2596255.25,0.014268811792135239,1597815.625
0.01056121475994587,1338727.875,0.006939439103007317,816494.125
0.004418176598846912,719961.4375,0.004175000358372927,594712.0625
