loss,mape,val_loss,val_mape
0.03187398985028267,513701.65625,0.008976001292467117,622336.625
0.007262233179062605,268312.09375,0.006143019534647465,366321.9375
0.004314353223890066,169219.953125,0.0034711260814219713,344704.59375
