loss,mape,val_loss,val_mape
0.036566536873579025,301240.9375,0.011647053062915802,239.30772399902344
0.010346783325076103,82161.953125,0.009142378345131874,85.82483673095703
0.009774044156074524,58982.625,0.009271533228456974,81.20146179199219
