loss,mape,val_loss,val_mape
0.03425471484661102,8739070.0,0.009901135228574276,3879037.5
0.009294873103499413,2604368.0,0.008005095645785332,1976907.0
0.0082813436165452,1907933.25,0.006682052742689848,1187479.625
