loss,mape,val_loss,val_mape
0.02684054896235466,1214937.875,0.009505029767751694,1259889.5
0.0039061482530087233,387586.75,0.0032670677173882723,431081.6875
0.0029267820063978434,223906.46875,0.002614562166854739,325178.96875
