loss,mape,val_loss,val_mape
0.03949466720223427,2495935.5,0.009703356772661209,1597445.75
0.009118899703025818,1269981.625,0.00643438333645463,1408799.125
0.004871284123510122,880754.625,0.002590082585811615,806707.4375
