loss,mape,val_loss,val_mape
0.05505269020795822,9087097.0,0.018846187740564346,5469501.5
0.018640771508216858,4311599.0,0.01663788966834545,4650277.0
0.016008593142032623,3878899.0,0.013223830610513687,4428786.0
