loss,mape,val_loss,val_mape
0.04546075314283371,2933980.5,0.021195007488131523,1068979.75
0.011372498236596584,1184047.375,0.007415232714265585,643473.1875
0.008420632220804691,820214.8125,0.007155954837799072,572852.5
