loss,mape,val_loss,val_mape
0.04664328321814537,1174125.625,0.019300663843750954,250394.125
0.019408298656344414,337775.75,0.018696829676628113,202537.171875
0.01831427402794361,327746.03125,0.0192087534815073,159266.78125
