loss,mape,val_loss,val_mape
0.048337969928979874,1685307.0,0.018335290253162384,639.2949829101562
0.013649286702275276,758079.4375,0.0068220109678804874,282.5552673339844
0.006992972921580076,395300.25,0.008189625106751919,268.4283142089844
