loss,mape,val_loss,val_mape
0.03829122707247734,757965.125,0.017673486843705177,319460.5625
0.010794560424983501,368255.09375,0.006983252242207527,153053.59375
0.006059666629880667,191665.078125,0.007630335167050362,110695.7421875
