loss,mape,val_loss,val_mape
0.04171221703290939,1171423.5,0.013815212994813919,315562.0625
0.009318501688539982,606650.9375,0.0042718821205198765,160065.03125
0.004443964455276728,330479.6875,0.004742434713989496,157544.328125
