loss,mape,val_loss,val_mape
0.02626083232462406,352774.9375,0.003449327778071165,84.33914947509766
0.004001390654593706,105042.8515625,0.004132517613470554,55.45555877685547
0.003674214007332921,85461.7890625,0.0035893828608095646,79.70120239257812
