loss,mape,val_loss,val_mape
0.03990642726421356,879530.5,0.017198169603943825,371.8813781738281
0.013779398053884506,524121.09375,0.010507996194064617,302.5681457519531
0.0069960784167051315,262842.53125,0.007371861487627029,105.26802825927734
