loss,mape,val_loss,val_mape
0.025575514882802963,185712.90625,0.0033213109709322453,85.6256103515625
0.004856235347688198,63839.953125,0.003221692983061075,48.33496856689453
0.004224531818181276,60950.92578125,0.005523210391402245,89.76124572753906
