loss,mape,val_loss,val_mape
0.027091743424534798,394571.5,0.006296177394688129,75.8447036743164
0.00687372125685215,123197.140625,0.007485642097890377,104.42391204833984
0.00637148367241025,96268.0390625,0.005972234066575766,48.2883415222168
