loss,mape,val_loss,val_mape
0.02875126339495182,510200.3125,0.00752798467874527,179197.109375
0.00638990756124258,151519.25,0.0069305505603551865,107355.484375
0.006114472169429064,139962.203125,0.006495501846075058,76395.0625
