loss,mape,val_loss,val_mape
0.03770666569471359,588868.5625,0.011376630514860153,276.2646789550781
0.007648035418242216,251579.90625,0.0038275669794529676,153.13356018066406
0.004421641118824482,169427.34375,0.005723590962588787,67.54429626464844
