loss,mape,val_loss,val_mape
0.04612116515636444,696562.25,0.020250508561730385,1362726.375
0.011714247986674309,277030.9375,0.007587357424199581,436162.53125
0.008571523241698742,186150.453125,0.007649132050573826,337405.96875
