loss,mape,val_loss,val_mape
0.04462455213069916,585378.75,0.01820441707968712,428509.4375
0.01036292128264904,207268.75,0.019800303503870964,229620.25
0.009129134006798267,164640.046875,0.013276566751301289,203139.484375
