loss,mape,val_loss,val_mape
0.05199379101395607,11395694.0,0.005918304901570082,3400798.75
0.005809803493320942,3543285.5,0.005686051212251186,2932954.0
0.005502731539309025,3429111.25,0.005340768024325371,3117823.0
