loss,mape,val_loss,val_mape
0.046980030834674835,21758138.0,0.017281219363212585,7925498.0
0.015539470128715038,10761067.0,0.015379613265395164,6551234.5
0.012738681398332119,10098855.0,0.010899743065237999,4902540.0
