loss,mape,val_loss,val_mape
0.027990354225039482,1498905.875,0.0064221518114209175,270063.84375
0.004171285312622786,472304.125,0.003659406676888466,61825.8125
0.003040389157831669,317596.96875,0.001876524998806417,81814.3828125
