loss,mape,val_loss,val_mape
0.04422998055815697,7447994.5,0.018744079396128654,4695753.5
0.017079278826713562,3873099.25,0.011557290330529213,2641798.75
0.010786746628582478,1526032.5,0.009581963531672955,1100612.75
