loss,mape,val_loss,val_mape
0.037730127573013306,1699172.125,0.010761363431811333,272129.09375
0.00895683467388153,871518.1875,0.007204736582934856,244455.734375
0.00524042546749115,717801.3125,0.0027581839822232723,134321.53125
