loss,mape,val_loss,val_mape
0.031367190182209015,3318010.0,0.006211624480783939,918169.5
0.006916704587638378,885465.875,0.006040134001523256,639817.6875
0.006342209409922361,689345.4375,0.006834906525909901,333127.5
