loss,mape,val_loss,val_mape
0.07544019818305969,701942.0,0.034964509308338165,486.4363098144531
0.03142096847295761,433732.75,0.026095230132341385,358.6025085449219
0.026136934757232666,384685.4375,0.022620661184191704,316.2418518066406
