loss,mape,val_loss,val_mape
0.06324250251054764,1556633.25,0.021484198048710823,1721647.875
0.017679737880825996,804789.5625,0.017630159854888916,1446396.125
0.014356722123920918,757584.25,0.013807813636958599,1312334.875
