loss,mape,val_loss,val_mape
0.02392204850912094,168800.65625,0.0058575947768986225,186.88685607910156
0.003483656095340848,64463.33203125,0.0020055975764989853,75.59192657470703
0.003037774469703436,68015.21875,0.0021275863982737064,74.02857971191406
