loss,mape,val_loss,val_mape
0.03191579133272171,497747.78125,0.008918775245547295,489854.375
0.006028211675584316,228260.640625,0.0036569377407431602,408921.5
0.0035465785767883062,131015.359375,0.0030228414107114077,204380.578125
