loss,mape,val_loss,val_mape
0.03717702254652977,266191.90625,0.012743073515594006,198.79437255859375
0.010840203613042831,147691.375,0.008143858052790165,153.93350219726562
0.0060968524776399136,125614.4453125,0.0038118395023047924,86.28213500976562
