loss,mape,val_loss,val_mape
0.02955099195241928,1045617.5625,0.007076749112457037,942824.75
0.005354898050427437,603024.6875,0.003519624238833785,317835.09375
0.003069370286539197,287650.53125,0.00430253054946661,457467.40625
