loss,mape,val_loss,val_mape
0.03223062679171562,1079237.875,0.009042315185070038,199911.546875
0.005794448312371969,360372.8125,0.008109759539365768,132875.609375
0.0046346476301550865,247398.28125,0.018499286845326424,224515.078125
