loss,mape,val_loss,val_mape
0.05332999303936958,1846558.375,0.011177162639796734,1211312.25
0.009750555269420147,854129.125,0.00940632726997137,1419001.25
0.007836613804101944,796989.25,0.006789760198444128,1191876.75
