loss,mape,val_loss,val_mape
0.08512942492961884,500.92767333984375,0.04203866794705391,356.4468994140625
0.028804538771510124,291.19976806640625,0.020663803443312645,209.8838348388672
0.0206338781863451,211.83700561523438,0.018716908991336823,196.15110778808594
