loss,mape,val_loss,val_mape
0.04676992818713188,446130.53125,0.026425179094076157,297.202880859375
0.019379576668143272,231154.46875,0.02061033993959427,268.6119079589844
0.012670936062932014,167428.84375,0.025544878095388412,216.9688720703125
