loss,mape,val_loss,val_mape
0.03405546769499779,223587.8125,0.013142663985490799,234.0522003173828
0.007537745404988527,126806.484375,0.004225739277899265,78.61306762695312
0.004377938341349363,73715.8828125,0.004493256565183401,73.29027557373047
