loss,mape,val_loss,val_mape
0.04347652569413185,6878543.0,0.014018618501722813,4322012.0
0.012607579119503498,1893596.625,0.01066716481000185,743844.1875
0.01032975409179926,871236.25,0.008780224248766899,955832.8125
