loss,mape,val_loss,val_mape
0.032575346529483795,342726.75,0.012204509228467941,217.94813537597656
0.010404120199382305,221060.234375,0.00863020122051239,152.5114288330078
0.005779511760920286,165530.265625,0.0035427995026111603,107.65876007080078
