loss,mape,val_loss,val_mape
0.03000682033598423,2046646.125,0.002824249444529414,903530.25
0.003555020783096552,493244.34375,0.002067621797323227,402773.65625
0.003129699733108282,416740.21875,0.003060874529182911,617152.6875
