loss,mape,val_loss,val_mape
0.037396032363176346,1435090.75,0.010055550374090672,225.7155303955078
0.007910184562206268,322119.59375,0.006557601969689131,113.96517181396484
0.0068303802981972694,255885.3125,0.0057368227280676365,99.02921295166016
