loss,mape,val_loss,val_mape
0.03393997624516487,489432.5,0.012715768069028854,314.7677917480469
0.006924041546881199,278589.6875,0.0038248857017606497,126.2408447265625
0.003673776751384139,145598.03125,0.004160649608820677,96.536865234375
