loss,mape,val_loss,val_mape
0.028787609189748764,1881788.875,0.005525798536837101,726078.5
0.004585638642311096,563427.9375,0.004935513250529766,371120.75
0.004158391151577234,447502.09375,0.003658472327515483,388013.71875
