loss,mape,val_loss,val_mape
0.0664248913526535,958243.5625,0.029421618208289146,1687683.875
0.022327741608023643,531258.625,0.024639839306473732,1429997.125
0.018463056534528732,471012.5,0.019089920446276665,1384800.25
