loss,mape,val_loss,val_mape
0.0282867681235075,560317.6875,0.00810800027102232,200918.46875
0.006534602493047714,163655.015625,0.007125857286155224,114900.859375
0.0059583052061498165,143312.375,0.006364535074681044,84156.2109375
