loss,mape,val_loss,val_mape
0.04576999694108963,1242811.875,0.016754595562815666,1659451.625
0.00960619281977415,560530.5625,0.006596165709197521,696659.4375
0.006267929915338755,286347.5,0.007395018823444843,677473.25
