loss,mape,val_loss,val_mape
0.06099311634898186,2011419.375,0.026709629222750664,2842473.0
0.022469772025942802,1079536.25,0.01596764475107193,2087483.25
0.012622538022696972,614286.25,0.008413618430495262,856570.125
