loss,mape,val_loss,val_mape
0.03792554885149002,1191872.5,0.008740956895053387,521.8722534179688
0.007887797430157661,669117.0,0.006172153167426586,458.4170837402344
0.004699310753494501,549505.75,0.0022361110895872116,275.124267578125
