loss,mape,val_loss,val_mape
0.044188424944877625,1477142.125,0.015452180989086628,1197957.375
0.012159470468759537,484312.75,0.012634511105716228,382169.40625
0.01002271194010973,285252.28125,0.013638834469020367,329790.46875
