loss,mape,val_loss,val_mape
0.04722607880830765,2779895.25,0.02102402038872242,968611.375
0.011004127562046051,1157755.875,0.00980085227638483,414276.75
0.008572477847337723,715418.625,0.007056612987071276,505910.65625
