loss,mape,val_loss,val_mape
0.041618965566158295,466769.125,0.016454294323921204,330.63671875
0.01100890152156353,243290.640625,0.005869086366146803,138.5230712890625
0.00466239033266902,137390.6875,0.004088055342435837,116.85575103759766
