loss,mape,val_loss,val_mape
0.03931456431746483,594827.3125,0.009910376742482185,232.06158447265625
0.006117806304246187,206700.53125,0.0033033485524356365,112.73914337158203
0.004355591721832752,138670.296875,0.004074980039149523,121.56793212890625
