loss,mape,val_loss,val_mape
0.035012949258089066,1046928.3125,0.007557195145636797,295.8055725097656
0.005604059901088476,332518.65625,0.003040704410523176,156.8927764892578
0.0039407843723893166,190091.65625,0.0038270216900855303,83.15245819091797
