loss,mape,val_loss,val_mape
0.06136362627148628,673268.4375,0.030002685263752937,372.49267578125
0.026485709473490715,444817.03125,0.01898929290473461,269.56561279296875
0.019328223541378975,310811.3125,0.014408586546778679,234.8700408935547
