loss,mape,val_loss,val_mape
0.028718972578644753,662048.4375,0.007082318887114525,175.29856872558594
0.006850909441709518,179673.140625,0.007348488550633192,77.8128433227539
0.006477480288594961,160563.140625,0.007919007912278175,137.11355590820312
