loss,mape,val_loss,val_mape
0.035894155502319336,9515130.0,0.0132236173376441,3350384.5
0.0100091602653265,3437729.0,0.007980838418006897,1760473.375
0.008461151272058487,2113142.75,0.011478782631456852,2584634.0
