loss,mape,val_loss,val_mape
0.0484379418194294,362632.46875,0.022865252569317818,409.8651123046875
0.018158311024308205,166324.859375,0.010088944807648659,173.0682830810547
0.00998135656118393,88291.8515625,0.008988332003355026,125.83973693847656
