loss,mape,val_loss,val_mape
0.03645335137844086,1307557.5,0.008441218174993992,402.9635925292969
0.007804621942341328,335745.03125,0.007783172652125359,118.93276977539062
0.006836166139692068,271997.9375,0.006002229172736406,107.27268981933594
