loss,mape,val_loss,val_mape
0.04439638927578926,1765048.25,0.01426103338599205,1288867.75
0.012050487101078033,484201.3125,0.009949875064194202,371950.5625
0.01049271784722805,283305.6875,0.008548477664589882,586802.8125
