loss,mape,val_loss,val_mape
0.02734939195215702,1345451.75,0.004098039586097002,195777.03125
0.0034851576201617718,366196.03125,0.0020322033669799566,93672.0859375
0.0027145128697156906,256699.984375,0.0025948130059987307,90498.3359375
