loss,mape,val_loss,val_mape
0.022576427087187767,337121.0625,0.009749822318553925,85.36876678466797
0.004648586735129356,113188.453125,0.0034322941210120916,60.532012939453125
0.003970591351389885,87860.84375,0.006395018193870783,116.22136688232422
