loss,mape,val_loss,val_mape
0.0402132049202919,313134.375,0.013328413479030132,254.48605346679688
0.010527115315198898,93321.8046875,0.009427808225154877,133.0712127685547
0.009589594788849354,55549.00390625,0.009886534884572029,62.308013916015625
