loss,mape,val_loss,val_mape
0.06612969189882278,2178184.0,0.036878131330013275,699391.875
0.023802561685442924,825264.0625,0.02037465199828148,281461.375
0.018781403079628944,435861.96875,0.02256549708545208,210554.734375
