loss,mape,val_loss,val_mape
0.027295157313346863,1088448.875,0.00475863553583622,466.1993103027344
0.0035881733056157827,304257.1875,0.0024641258642077446,220.44847106933594
0.002451276406645775,241209.9375,0.0014848362188786268,145.44679260253906
