loss,mape,val_loss,val_mape
0.029982730746269226,235490.875,0.009123117662966251,222.94384765625
0.004652269650250673,79485.1796875,0.003553947200998664,86.39044952392578
0.0037095590960234404,87308.4453125,0.004296414088457823,46.08735656738281
