loss,mape,val_loss,val_mape
0.03386985510587692,972132.0625,0.008143037557601929,389.87481689453125
0.005949265789240599,352631.875,0.0033651196863502264,125.09200286865234
0.0040939804166555405,217193.984375,0.0029171425849199295,141.3758087158203
