loss,mape,val_loss,val_mape
0.041909653693437576,1135710.5,0.01532533299177885,1580109.25
0.009568295441567898,540230.0,0.007099092472344637,799753.625
0.006037923973053694,313211.46875,0.005803583189845085,409373.46875
