loss,mape,val_loss,val_mape
0.031134825199842453,3429093.5,0.0101969288662076,748779.75
0.007165995426476002,907652.0625,0.0060829343274235725,724597.625
0.006464632693678141,754221.6875,0.0068075936287641525,743003.0625
