loss,mape,val_loss,val_mape
0.02489643357694149,242532.453125,0.005560831632465124,196.8003692626953
0.003794237971305847,92204.265625,0.0033805675338953733,93.884033203125
0.0028911277186125517,60175.0625,0.001788260182365775,57.23245620727539
