loss,mape,val_loss,val_mape
0.03416401892900467,16411764.0,0.011848331429064274,8323309.5
0.009214452467858791,5681226.0,0.007497881539165974,2259695.75
0.008082314394414425,4335963.0,0.006601507775485516,2912310.5
