loss,mape,val_loss,val_mape
0.0385894700884819,8525958.0,0.006553170271217823,3467423.25
0.00569884292781353,3417796.75,0.005440603941679001,1580217.75
0.004037514794617891,2231065.5,0.003179344581440091,1282491.0
