loss,mape,val_loss,val_mape
0.029436297714710236,410911.78125,0.004377503879368305,107.06585693359375
0.004628099501132965,87617.3828125,0.005245135631412268,56.21472930908203
0.00434061698615551,90621.5078125,0.005584114696830511,48.95577621459961
