loss,mape,val_loss,val_mape
0.04924221709370613,793740.25,0.009382100775837898,641851.1875
0.008532814681529999,304766.71875,0.008128219284117222,612958.8125
0.007413951214402914,297345.84375,0.007073021028190851,637681.0
