loss,mape,val_loss,val_mape
0.06744946539402008,271723.375,0.021395990625023842,298.795166015625
0.02580191195011139,296481.5625,0.021456051617860794,292.8822937011719
0.025994936004281044,373216.5,0.021486856043338776,326.6515808105469
