loss,mape,val_loss,val_mape
0.03890214487910271,321447.90625,0.017461372539401054,303.3417053222656
0.022740162909030914,223050.359375,0.013050321489572525,271.2350158691406
0.015374968759715557,172152.0,0.01257613766938448,64.76297760009766
