loss,mape,val_loss,val_mape
0.03343002125620842,108304.9140625,0.011193796060979366,205.72915649414062
0.017105689272284508,99337.203125,0.008344084024429321,200.4907989501953
0.012589528225362301,102723.1953125,0.016905933618545532,60.795440673828125
