loss,mape,val_loss,val_mape
0.023639781400561333,210732.015625,0.03594694286584854,44692.74609375
0.015949808061122894,275140.71875,0.00901675783097744,242353.015625
0.011562703177332878,184140.328125,0.009626866318285465,88900.65625
