loss,mape,val_loss,val_mape
0.019726507365703583,1481420.125,0.013357643038034439,2800583.0
0.013937351293861866,1475093.25,0.008161828853189945,1187407.875
0.010698146186769009,1083709.5,0.020613864064216614,161541.578125
