loss,mape,val_loss,val_mape
0.025789372622966766,292978.71875,0.013228586874902248,263.623291015625
0.016281267628073692,304425.15625,0.01883246749639511,91.19261932373047
0.011976806446909904,194400.671875,0.005443152971565723,120.18480682373047
