loss,mape,val_loss,val_mape
0.0680740475654602,287277.71875,0.023108571767807007,245.8931427001953
0.026606425642967224,233351.40625,0.03271745517849922,164.71031188964844
0.029486214742064476,372744.15625,0.02015392854809761,277.4499206542969
