loss,mape,val_loss,val_mape
0.014097047969698906,513155.21875,0.010707422159612179,237.12881469726562
0.009644661098718643,455080.0625,0.004594199825078249,378.14208984375
0.007625758182257414,422592.1875,0.004509006626904011,432.37091064453125
