loss,mape,val_loss,val_mape
0.027120623737573624,301154.0,0.009893693961203098,232.4199981689453
0.011281364597380161,309467.6875,0.019789285957813263,91.64097595214844
0.012430836446583271,221268.890625,0.009745567105710506,344.0310974121094
