loss,mape,val_loss,val_mape
0.0074506597593426704,81611.9453125,0.004774404689669609,317.1221618652344
0.005013585090637207,85913.3046875,0.0025584977120161057,216.97821044921875
0.0037571468856185675,64139.921875,0.0015881549334153533,152.51361083984375
