loss,mape,val_loss,val_mape
0.04133058339357376,241460.3125,0.048311684280633926,676180.4375
0.021756498143076897,329144.09375,0.009482189081609249,260344.375
0.01416103821247816,166661.515625,0.02633323147892952,299263.28125
