loss,mape,val_loss,val_mape
0.0373280830681324,325674.8125,0.021503450348973274,293.7693786621094
0.02642005868256092,343062.5,0.022481776773929596,262.63177490234375
0.02741571143269539,251151.546875,0.023189906030893326,249.82261657714844
