loss,mape,val_loss,val_mape
0.03924325853586197,302764.09375,0.025885237380862236,287.64593505859375
0.03117436170578003,318131.84375,0.0425494983792305,161.0118865966797
0.030307017266750336,363822.5625,0.02217218466103077,350.6896057128906
