loss,mape,val_loss,val_mape
0.030167222023010254,394741.65625,0.02858024835586548,505.6059265136719
0.014067362062633038,184444.515625,0.014013112522661686,100.64383697509766
0.009534407407045364,219039.4375,0.011075599119067192,74.74952697753906
