loss,mape,val_loss,val_mape
0.020219964906573296,1131281.875,0.022392136976122856,395312.59375
0.013319598510861397,906230.125,0.00855039432644844,615328.375
0.008986599743366241,670661.875,0.0051736063323915005,820698.0625
