loss,mape,val_loss,val_mape
0.014268576167523861,1887251.75,0.0051785181276500225,2587862.5
0.0055415816605091095,2890358.25,0.005044413730502129,2527819.75
0.005764851812273264,2693614.75,0.006581400521099567,4874095.5
