loss,mape,val_loss,val_mape
0.0402534157037735,290237.5,0.05410362035036087,704404.4375
0.021170055493712425,244792.953125,0.017215950414538383,315297.875
0.014921221882104874,175896.5625,0.008518204092979431,75043.125
