loss,mape,val_loss,val_mape
0.06124352291226387,189.55697631835938,0.029050197452306747,87.79476928710938
0.02019636519253254,147.09182739257812,0.015124908648431301,148.17042541503906
0.017868321388959885,167.9955596923828,0.01446000300347805,158.89407348632812
