loss,mape,val_loss,val_mape
0.04269997030496597,343589.21875,0.01914585940539837,224.4156036376953
0.02388942986726761,245728.203125,0.009606929495930672,125.60260009765625
0.01652493141591549,251404.359375,0.005181639920920134,108.07856750488281
