loss,mape,val_loss,val_mape
0.01781810075044632,840758.6875,0.008981314487755299,230951.328125
0.00961329136043787,790541.9375,0.008821461349725723,241061.96875
0.00963066890835762,801759.8125,0.010161126032471657,186951.875
