loss,mape,val_loss,val_mape
0.01885318197309971,120457.5546875,0.009668334387242794,179.40823364257812
0.013591611757874489,158191.5,0.01022851187735796,109.21471405029297
0.01111483946442604,124413.21875,0.005797318648546934,139.2311248779297
