loss,mape,val_loss,val_mape
0.015209847129881382,608059.5625,0.01781541295349598,55688.92578125
0.010168763808906078,564689.8125,0.0052697365172207355,207451.34375
0.007447639014571905,523508.40625,0.0027570317033678293,153374.421875
