loss,mape,val_loss,val_mape
0.014154360629618168,753642.5,0.008732210844755173,254357.421875
0.009769288823008537,780071.6875,0.008692717179656029,260283.484375
0.009667837992310524,803359.1875,0.008757295086979866,289111.21875
