loss,mape,val_loss,val_mape
0.0172653216868639,869447.8125,0.008560103364288807,1255128.5
0.009721473790705204,661509.8125,0.007476576138287783,1230144.875
0.00955467764288187,527345.375,0.0060208458453416824,1010898.8125
