loss,mape,val_loss,val_mape
0.03857864812016487,759582.0625,0.02137135900557041,2395114.5
0.024744868278503418,811460.9375,0.019147513434290886,2544941.5
0.02166076749563217,719082.5625,0.012044393457472324,1324907.5
