loss,mape,val_loss,val_mape
0.03352203220129013,429574.28125,0.024273673072457314,1075687.25
0.02018393762409687,407949.28125,0.02677837759256363,876431.6875
0.020815495401620865,504439.96875,0.025183500722050667,988695.0625
