loss,mape,val_loss,val_mape
0.018746597692370415,597917.5,0.009815631434321404,291687.09375
0.013824211433529854,331394.34375,0.019796662032604218,45573.75
0.010553015395998955,216925.4375,0.020258259028196335,23885.443359375
