loss,mape,val_loss,val_mape
0.016403881832957268,242695.734375,0.009843544103205204,210.7545623779297
0.010648132301867008,434596.15625,0.00977683998644352,176.20962524414062
0.009022238664329052,391448.59375,0.006456808652728796,178.6363067626953
