loss,mape,val_loss,val_mape
0.040799494832754135,406517.28125,0.02676977962255478,438.783935546875
0.03024376556277275,306972.0,0.023513520136475563,355.36871337890625
0.029552096500992775,278930.9375,0.035748567432165146,192.61825561523438
