loss,mape,val_loss,val_mape
0.024850528687238693,217226.328125,0.019514400511980057,100.92806243896484
0.014259476214647293,129693.6328125,0.006462830118834972,145.72071838378906
0.011536653153598309,169874.15625,0.01677241176366806,75.70084381103516
