loss,mape,val_loss,val_mape
0.020570650696754456,199924.03125,0.009930345229804516,121.0020523071289
0.010296940803527832,118440.46875,0.006477778311818838,115.15396881103516
0.007962662726640701,88332.6875,0.006347062066197395,199.26649475097656
