loss,mape,val_loss,val_mape
0.030092675238847733,816425.25,0.018531344830989838,1241471.25
0.017617208883166313,1517252.375,0.01656945049762726,1548004.0
0.01794775389134884,1160426.625,0.012796592898666859,1063440.25
