loss,mape,val_loss,val_mape
0.01578361913561821,872410.3125,0.007359334267675877,1604626.0
0.009790969081223011,867566.6875,0.010009931400418282,336565.25
0.007107435259968042,593227.5625,0.005018807016313076,381076.65625
