loss,mape,val_loss,val_mape
0.03315113112330437,401223.34375,0.018116427585482597,941306.6875
0.016551760956645012,613016.0625,0.02631111815571785,469351.8125
0.01709975302219391,585938.3125,0.028618840500712395,318248.625
