loss,mape,val_loss,val_mape
0.022258412092924118,8365637.5,0.019339757040143013,3488962.25
0.01604476571083069,7868243.5,0.010456281714141369,6301032.5
0.012375076301395893,6978931.0,0.005360906478017569,5015183.0
