loss,mape,val_loss,val_mape
0.0217500701546669,358793.6875,0.011731494218111038,337.9372253417969
0.01554458774626255,348123.75,0.006344398017972708,178.85946655273438
0.010525488294661045,276673.34375,0.01576627604663372,62.528324127197266
