loss,mape,val_loss,val_mape
0.02292037382721901,260199.875,0.006849267520010471,500280.1875
0.007970670238137245,234889.96875,0.007573198527097702,769868.0
0.008529294282197952,189048.96875,0.011750807985663414,151128.296875
