loss,mape,val_loss,val_mape
0.02478855289518833,1090332.875,0.007386570330709219,192114.953125
0.009789454750716686,593148.5625,0.012220052070915699,64449.1484375
0.007286850828677416,397449.15625,0.005328882485628128,80435.8203125
