loss,mape,val_loss,val_mape
0.0350428968667984,333656.0,0.07987543195486069,923125.4375
0.0337500162422657,378634.28125,0.03059254214167595,570597.75
0.03141124173998833,393613.25,0.026409141719341278,496681.25
