loss,mape,val_loss,val_mape
0.02966802939772606,438134.375,0.018092701211571693,387.59130859375
0.0188234131783247,318694.21875,0.012087452225387096,285.2803039550781
0.012983213178813457,213300.484375,0.015772301703691483,65.89030456542969
