loss,mape,val_loss,val_mape
0.03881077840924263,133599.34375,0.02194235287606716,312.5149841308594
0.025750337168574333,240258.953125,0.017456337809562683,173.67138671875
0.020449599251151085,113860.625,0.02401711232960224,80.35099792480469
