loss,mape,val_loss,val_mape
0.031480494886636734,362971.8125,0.024631362408399582,1039176.625
0.02088814228773117,382799.125,0.02551102451980114,963705.6875
0.020616978406906128,411452.46875,0.023541061207652092,1147894.875
