loss,mape,val_loss,val_mape
0.02881505712866783,132261.34375,0.011543264612555504,177.8530731201172
0.015522819012403488,117112.671875,0.007113757077604532,172.7583770751953
0.012762993574142456,83115.3515625,0.0047404030337929726,157.01815795898438
