loss,mape,val_loss,val_mape
0.033002808690071106,252720.484375,0.012123583815991879,336.8988037109375
0.01810191571712494,255241.65625,0.03009273111820221,81.37934875488281
0.013727669604122639,167592.875,0.0054142652079463005,199.8124237060547
