loss,mape,val_loss,val_mape
0.031182805076241493,522937.0,0.018876049667596817,760.8211059570312
0.02079848386347294,693598.75,0.013800577260553837,302.9613952636719
0.015788031741976738,554811.5625,0.020570365712046623,122.43696594238281
