loss,mape,val_loss,val_mape
0.027354778721928596,2643568.0,0.01723352074623108,3275539.75
0.018779776990413666,3217208.5,0.012451623566448689,4808260.0
0.018046971410512924,2765394.5,0.02295669913291931,854601.5625
