loss,mape,val_loss,val_mape
0.03793514892458916,413219.59375,0.05041852593421936,120046.015625
0.03347327932715416,415797.78125,0.035268161445856094,630770.875
0.03159438446164131,357335.1875,0.02916043810546398,306005.5625
