loss,mape,val_loss,val_mape
0.026690302416682243,5622009.5,0.01330688875168562,2770085.0
0.014423859305679798,4056607.0,0.011274071410298347,2065236.625
0.012972604483366013,3213869.75,0.005717997904866934,3258984.75
